1ype,CHEMBL75084,NC(=N)c1ccc(CNC(=O)CN2C(=O)C(=NC(=C2c3ccccc3)Cl)NCCc4ccccc4)cc1,6.795880017
1ype,CHEMBL127389,NC(=N)c1ccc(CNC(=O)CN2C(=O)C(=NC(=C2c3ccccc3O)Cl)NC4CCC4)cc1,3.522878745
1ype,CHEMBL127553,NC(=N)c1ccc(CNC(=O)CN2C(=O)C(=NC(=C2c3ccccc3)Cl)NCC#C)cc1,5.522878745
1ype,CHEMBL127554,CC(=O)Nc1cccc(c1)C2=C(Cl)N=C(NCCc3ccccc3)C(=O)N2CC(=O)NCc4ccc(cc4)C(=N)N,6.958607315
1ype,CHEMBL128284,CN(C)c1cccc(c1)C2=C(Cl)N=C(NCCc3ccccc3)C(=O)N2CC(=O)NCc4ccc(cc4)C(=N)N,5.958607315
1ype,CHEMBL128685,CCCCNC1=NC(=C(N(CC(=O)NCc2ccc(cc2)C(=N)N)C1=O)c3ccccc3)Cl,4.554395797
1ype,CHEMBL129894,Cn1cnc(CCNC(=O)CN2C(=O)C(=NC(=C2c3ccccc3)Cl)NCCc4ccccc4)c1,3
1ype,CHEMBL129926,CNC1=NC(=C(N(CC(=O)NCc2ccc(cc2)C(=N)N)C1=O)c3cccc(N)c3)Cl,3.522878745
1ype,CHEMBL130067,NC(=N)c1ccc(CNC(=O)CN2C(=O)C(=NC(=C2c3ccccc3)Cl)NCCCCCCO)cc1,5
1ype,CHEMBL130100,Cc1ccc(cc1)C2=C(Cl)N=C(NCCc3ccccc3)C(=O)N2CC(=O)NCc4ccc(cc4)C(=N)N,6.522878745
1ype,CHEMBL130120,NC(=N)c1ccc(CNC(=O)CN2C(=O)C(=NC(=C2c3ccccc3)Cl)NCCCCO)cc1,5
1ype,CHEMBL130166,CCCC(C)NC1=NC(=C(N(CC(=O)NCc2ccc(cc2)C(=N)N)C1=O)c3ccccc3)Cl,5.096910013
1ype,CHEMBL130178,CC(C)NC1=NC(=C(N(CC(=O)NCc2ccc(cc2)C(=N)N)C1=O)c3ccccc3)Cl,5.397940009
1ype,CHEMBL130202,ClC1=C(N(CC(=O)NCCCn2ccnc2)C(=O)C(=N1)NCCc3ccccc3)c4ccccc4,3
1ype,CHEMBL130228,CN(C)CCNC1=NC(=C(N(CC(=O)NCc2ccc(cc2)C(=N)N)C1=O)c3ccccc3)Cl,3.522878745
1ype,CHEMBL130287,NC(=N)c1ccc(CNC(=O)CN2C(=O)C(=NC(=C2c3ccccc3)Cl)NC4CCCCC4)cc1,4.782516056
1ype,CHEMBL130346,NC(=N)c1ccc(CNC(=O)CN2C(=O)C(=NC(=C2c3ccccc3)Cl)NCCc4ccccc4Cl)cc1,8.397940009
1ype,CHEMBL130371,NCCCNC1=NC(=C(N(CC(=O)NCc2ccc(cc2)C(=N)N)C1=O)c3ccccc3)Cl,4.886056648
1ype,CHEMBL130443,CS(=O)(=O)Nc1cccc(c1)C2=C(Cl)N=C(NCCc3ccccc3)C(=O)N2CC(=O)NCc4ccc(cc4)C(=N)N,7
1ype,CHEMBL130447,NC(=N)c1ccc(CNC(=O)CN2C(=O)C(=NC(=C2c3ccccc3)Cl)SCc4ccccc4)cc1,5.096910013
1ype,CHEMBL130537,NC(=N)c1ccc(CNC(=O)CN2C(=C(Cl)N=C(NCCc3ccccc3)C2=O)Cc4ccccc4)cc1,5.397940009
1ype,CHEMBL130603,CCNC1=NC(=C(N(CC(=O)NCc2ccc(cc2)C(=N)N)C1=O)c3ccccc3)Cl,4.946921557
1ype,CHEMBL130702,CC(C)N(C)C1=NC(=C(N(CC(=O)NCc2ccc(cc2)C(=N)N)C1=O)c3ccccc3)Cl,4.701146924
1ype,CHEMBL130808,NC(=N)c1cccc(CNC(=O)CN2C(=O)C(=NC=C2c3ccccc3)NCCc4ccccc4)c1,3.522878745
1ype,CHEMBL130812,NC(=N)c1ccc(CNC(=O)CN2C(=O)C(=NC(=C2c3ccccc3Cl)Cl)NCCc4ccccc4)cc1,5.677780705
1ype,CHEMBL130815,COc1ccc(cc1)C2=C(Cl)N=C(NCCc3ccccc3)C(=O)N2CC(=O)NCc4ccc(cc4)C(=N)N,5.391473966
1ype,CHEMBL130897,COC(=O)c1cccc(c1)C2=C(Cl)N=C(NC(C)C)C(=O)N2CC(=O)NCc3ccc(cc3)C(=N)N,5.698970004
1ype,CHEMBL131056,COc1cccc(c1)C2=C(Cl)N=C(NCCc3ccccc3)C(=O)N2CC(=O)NCc4ccc(cc4)C(=N)N,6
1ype,CHEMBL131190,NC(=N)c1ccc(CNC(=O)CN2C(=O)C(=NC=C2c3ccccc3)NCCc4ccccc4)cn1,6.823908741
1ype,CHEMBL131250,CCCCCC(CC)NC1=NC(=C(N(CC(=O)NCc2ccc(cc2)C(=N)N)C1=O)c3ccccc3)Cl,5.283996656
1ype,CHEMBL131326,NC(=N)c1ccc(CNC(=O)CN2C(=O)C(=NC=C2c3ccccc3)NCCc4ccccc4)cc1,6.522878745
1ype,CHEMBL131400,NC(=N)c1ccc(CNC(=O)CN2C(=O)C(=NC(=C2c3ccccc3)Cl)NCCO)cc1,4.698970004
1ype,CHEMBL131436,COCCNC1=NC(=C(N(CC(=O)NCc2ccc(cc2)C(=N)N)C1=O)c3cc(N)cc(c3)C(=O)O)Cl,3.522878745
1ype,CHEMBL131472,NC(=N)c1ccc(CNC(=O)CN2C(=O)C(=NC(=C2c3ccccc3)Cl)NC45C[C@@H]6C[C@@H](C[C@@H](C6)C4)C5)cc1,3.522878745
1ype,CHEMBL131473,CC(C)NC1=NC(=C(N(CC(=O)NCc2ccc(cc2)C(=N)N)C1=O)c3cccc(c3)C(=O)O)Cl,5.552841969
1ype,CHEMBL131490,CNC1=NC(=C(N(CC(=O)NCc2ccc(cc2)C(=N)N)C1=O)c3ccccc3)Cl,4.690369833
1ype,CHEMBL131521,NC(=N)c1ccc(CNC(=O)CN2C(=O)C(=NC(=C2c3ccccc3)Cl)N4CCCC4)cc1,4.698970004
1ype,CHEMBL131554,NC(=N)c1ccc(CNC(=O)CN2C(=O)C(=NC(=C2c3cccc(Br)c3)Cl)NC4CCC4)cc1,3.522878745
1ype,CHEMBL131559,NC(=N)c1ccc(CNC(=O)CN2C(=O)C(=NC(=C2c3ccccc3)Cl)NCc4ccc(Cl)cc4)cc1,3.522878745
1ype,CHEMBL131601,CCCNC1=NC(=C(N(CC(=O)NCc2ccc(cc2)C(=N)N)C1=O)c3ccccc3)Cl,5.283996656
1ype,CHEMBL131831,COCCNC1=NC(=C(N(CC(=O)NCc2ccc(cc2)C(=N)N)C1=O)c3ccccc3)Cl,5
1ype,CHEMBL131878,NC(=N)c1ccc(CNC(=O)CN2C(=O)C(=NC(=C2c3ccccc3)Cl)NC4CCC4)cc1,5.337242168
1ype,CHEMBL131884,NC(=N)c1ccc(CNC(=O)CN2C(=O)C(=NC(=C2c3ccccc3)Cl)NCc4cc(F)ccc4F)cc1,3.522878745
1ype,CHEMBL131947,NC(=N)c1ccc(CNC(=O)CN2C(=O)C(=NC(=C2c3cccc(c3)C(F)(F)F)Cl)NCCc4ccccc4)cc1,5.455931956
1ype,CHEMBL132042,NC(=N)c1ccc(CNC(=O)CN2C(=O)C(=NC(=C2c3ccccc3)Cl)Nc4ccccc4)cc1,3.522878745
1ype,CHEMBL132051,CCCCC(C)NC1=NC(=C(N(CC(=O)NCc2ccc(cc2)C(=N)N)C1=O)c3ccccc3)Cl,5.920818754
1ype,CHEMBL132151,NC(=N)c1ccc(CNC(=O)CN2C(=O)C(=NC(=C2c3cccc(N)c3)Cl)NCCc4ccccc4)cc1,6.045757491
1ype,CHEMBL132845,NC(=N)c1ccc(CNC(=O)CN2C(=O)C(=NC(=C2c3ccccc3)Cl)N4CCC4)cc1,3.522878745
1ype,CHEMBL132855,CC1=C(Cl)N=C(NCCc2ccccc2)C(=O)N1CC(=O)NCc3ccc(cc3)C(=N)N,7.22184875
1ype,CHEMBL133006,CCCCNC1=NC(=C(N(CC(=O)NCc2ccc(cc2)C(=N)N)C1=O)c3cccc(N)c3)Cl,4.74836178
1ype,CHEMBL133007,CCNC1=NC(=C(N(CC(=O)NCc2ccc(cc2)C(=N)N)C1=O)c3cccc(N)c3)Cl,4.54668166
1ype,CHEMBL133009,NC(=N)c1ccc(CNC(=O)CN2C(=O)C(=NC(=C2c3cccc(O)c3)Cl)NC4CCC4)cc1,5.37161107
1ype,CHEMBL133069,ClC1=C(N(CC(=O)NCC2CCNCC2)C(=O)C(=N1)NCCc3ccccc3)c4ccccc4,3
1ype,CHEMBL133110,ClC1=C(N(CC(=O)NCc2nc3ccccc3[nH]2)C(=O)C(=N1)NCCc4ccccc4)c5ccccc5,3
1ype,CHEMBL133125,NC(=N)c1ccc(CNC(=O)CN2C(=O)C(=NC(=C2c3cccc(F)c3)Cl)NCCc4ccccc4)cc1,5.958607315
1ype,CHEMBL133174,NC(=N)c1ccc(CNC(=O)CN2C(=O)C(=NC(=C2c3cc(N)cc(c3)C(=O)O)Cl)NCCCO)cc1,3.522878745
1ype,CHEMBL133273,NC(=N)c1ccc(CNC(=O)CN2C(=O)C(=NC(=C2c3ccccc3)Cl)NCc4cc(F)cc(F)c4)cc1,3.522878745
1ype,CHEMBL133383,NCCCCNC1=NC(=C(N(CC(=O)NCc2ccc(cc2)C(=N)N)C1=O)c3ccccc3)Cl,4.728158393
1ype,CHEMBL133404,NC(=N)c1ccc(CNC(=O)CN2C(=O)C(=NC(=C2c3ccccc3F)Cl)NCCc4ccccc4)cc1,5.920818754
1ype,CHEMBL133456,NC(=N)c1ccc(CCNC(=O)CN2C(=O)C(=NC=C2c3ccccc3)NCCc4ccccc4)cc1,3.522878745
1ype,CHEMBL133623,NC(=N)c1ccc(CNC(=O)CN2C(=O)C(=NC(=C2c3ccccc3)Cl)NCc4ccccc4)cc1,5.117475462
1ype,CHEMBL133683,NC(=N)c1ccc(CNC(=O)CN2C(=O)C(=NC(=C2c3ccccc3)Cl)NCCCc4ccccc4)cc1,4.627087997
1ype,CHEMBL308948,NC(=N)NCCC[C@H](NC(=O)CN1C(=C(Cl)N=C(NCCc2ccccc2)C1=O)Cc3ccccc3)C(=O)c4nccs4,6.958607315
1ype,CHEMBL335076,CCC(CC)NC1=NC(=C(N(CC(=O)NCc2ccc(cc2)C(=N)N)C1=O)c3ccccc3)Cl,6
1ype,CHEMBL335171,NC(=N)c1ccc(CNC(=O)CN2C(=O)C(=NC(=C2c3ccccc3)Cl)NC4CCS(=O)(=O)C4)cc1,5
1ype,CHEMBL335186,CN(C)CCNC1=NC(=C(N(CC(=O)NCc2ccc(cc2)C(=N)N)C1=O)c3cc(N)cc(c3)C(=O)O)Cl,3.522878745
1ype,CHEMBL335187,NC(=N)c1ccc(CNC(=O)CN2C(=O)C(=NC(=C2c3cccc(Cl)c3)Cl)NCCc4ccccc4)cc1,6.142667504
1ype,CHEMBL335406,CNc1cccc(c1)C2=C(Cl)N=C(NCCc3ccccc3)C(=O)N2CC(=O)NCc4ccc(cc4)C(=N)N,6.236572006
1ype,CHEMBL335484,NC(=N)c1ccc(CNC(=O)CN2C(=O)C(=NC(=C2c3ccc(Cl)cc3)Cl)NCCc4ccccc4)cc1,6.698970004
1ype,CHEMBL335491,NC(=N)c1ccc(CNC(=O)CN2C(=O)C(=NC(=C2c3cccc(c3)[N+](=O)[O-])Cl)NCCc4ccccc4)cc1,6.008773924
1ype,CHEMBL335755,NC(=N)c1ccc(CNC(=O)CN2C(=O)C(=NC=C2c3ccccc3)NCCc4ccccc4)nc1,5.508638306
1ype,CHEMBL336074,NC(=N)c1ccc(CNC(=O)CN2C(=O)C(=NC(=C2c3ccccc3)Cl)NCc4cccc(c4)C(F)(F)F)cc1,4.723538196
1ype,CHEMBL336144,Cc1ccccc1C2=C(Cl)N=C(NCCc3ccccc3)C(=O)N2CC(=O)NCc4ccc(cc4)C(=N)N,6.522878745
1ype,CHEMBL336273,ClC1=C(N(CC(=O)NCCc2ccncc2)C(=O)C(=N1)NCCc3ccccc3)c4ccccc4,3
1ype,CHEMBL336704,NC(=N)c1ccc(CNC(=O)CN2C(=O)C(=NC(=C2c3ccc(cc3)c4ccccc4)Cl)NCCc5ccccc5)cc1,3.522878745
1ype,CHEMBL336768,NCCNC1=NC(=C(N(CC(=O)NCc2ccc(cc2)C(=N)N)C1=O)c3ccccc3)Cl,3.522878745
1ype,CHEMBL336977,CCC(CC)NC1=NC(=C(N(CC(=O)NCc2ccc(cc2)C(=N)N)C1=O)c3cc(N)cc(c3)C(=O)O)Cl,5.493494968
1ype,CHEMBL337214,CN(C)CCCNC1=NC(=C(N(CC(=O)NCc2ccc(cc2)C(=N)N)C1=O)c3ccccc3)Cl,3.522878745
1ype,CHEMBL337278,CCCC(CCC)NC1=NC(=C(N(CC(=O)NCc2ccc(cc2)C(=N)N)C1=O)c3ccccc3)Cl,5.677780705
1ype,CHEMBL337678,Cc1cccc(c1)C2=C(Cl)N=C(NCCc3ccccc3)C(=O)N2CC(=O)NCc4ccc(cc4)C(=N)N,6.050609993
1ype,CHEMBL338322,NC(=N)c1ccc(CNC(=O)CN2C(=O)C(=NC(=C2c3ccccc3C(F)(F)F)Cl)NCCc4ccccc4)cc1,5.065501549
1ype,CHEMBL338615,NC(=N)c1ccc(CNC(=O)CN2C(=O)C(=NC(=C2c3ccccc3)Cl)NCCN4CCOCC4)cc1,4.431798276
1ype,CHEMBL338869,NC(=N)c1ccc(CNC(=O)CN2C(=O)C(=NC(=C2c3ccccc3)Cl)NCCc4cccc(c4)C(F)(F)F)cc1,5.356547324
1ype,CHEMBL338952,NC(=N)c1ccc(CNC(=O)CN2C(=O)C(=NC(=C2c3ccccc3)Cl)NCCCCc4ccccc4)cc1,5.148741651
1ype,CHEMBL339164,CCC1=C(Cl)N=C(NCCc2ccccc2)C(=O)N1CC(=O)NCc3ccc(cc3)C(=N)N,8.397940009
1ype,CHEMBL339692,NC(=N)c1ccc(CNC(=O)CN2C(=O)C(=NC(=C2c3cccc(NC(=O)C(F)(F)F)c3)Cl)NCCc4ccccc4)cc1,5.698970004
1ype,CHEMBL339732,CC(C)(C)C1CCC(CC1)NC2=NC(=C(N(CC(=O)NCc3ccc(cc3)C(=N)N)C2=O)c4ccccc4)Cl,4.823908741
1ype,CHEMBL340945,NC(=N)c1ccc(CNC(=O)CN2C(=O)C(=NC(=C2c3ccc(cc3)C(F)(F)F)Cl)NCCc4ccccc4)cc1,5.200659451
1ype,CHEMBL341487,NC(=N)c1ccc(CNC(=O)CN2C(=O)C(=NC(=C2c3cc(N)cc(c3)C(=O)O)Cl)NC4CCC4)cc1,5.096910013
1ype,CHEMBL412136,NC(=N)c1ccc(CNC(=O)CN2C(=O)C(=NC(=C2c3ccc(F)cc3)Cl)NCCc4ccccc4)cc1,7
1ype,CHEMBL422079,COc1ccccc1C2=C(Cl)N=C(NCCc3ccccc3)C(=O)N2CC(=O)NCc4ccc(cc4)C(=N)N,5.48148606
1ype,CHEMBL423521,NC(=N)c1ccc(CNC(=O)CN2C(=O)C(=NC(=C2c3ccccc3)Cl)NCCCO)cc1,5
1ype,CHEMBL424264,NC(=N)c1ccc(CNC(=O)CN2C(=O)C(=NC(=C2c3ccccc3)Cl)NCCc4ccc(Cl)cc4)cc1,8.397940009
1ype,CHEMBL436370,NC(=N)c1ccc(CNC(=O)CN2C(=O)C(=NC(=C2c3ccccc3)Cl)NCC=C)cc1,5.060480747
1ype,CHEMBL444600,CC(C)NC1=NC(=C(N(CC(=O)NCc2ccc(cc2)C(=N)N)C1=O)c3cccc(N)c3)Cl,5.156144577
1ype,CHEMBL77076,CC(C)NC1=NC(=C(N(CC(=O)NCc2ccc(cc2)C(=N)N)C1=O)c3cc(N)cc(c3)C(=O)O)Cl,3
1ype,CHEMBL289734,CCC(C)[C@H](NC(=O)[C@H](CCSC)NC(=O)[C@H](CCCCN)NC(=O)c1cc(O)ccc1O)C(=O)NC(CC)C(=O)O,4.30980392
1ype,CHEMBL2372651,CC[C@H](C)[C@H](NC(=O)[C@@H]1CCCN1C(=O)[C@H](Cc2ccccc2)NC(=O)c3cc(O)ccc3O)C(=O)N[C@@H](CC)C(=O)O,2.656394492
1ype,CHEMBL2372653,CC[C@H](C)[C@H](NC(=O)[C@H](CO)NC(=O)[C@H](CCCCN)NC(=O)c1cc(O)ccc1O)C(=O)N[C@@H](CC)C(=O)O,3.350665141
1ype,CHEMBL2372654,CC[C@H](C)[C@H](NC(=O)[C@@H]1CCCN1C(=O)[C@H](CCCCN)NC(=O)c2cc(O)ccc2O)C(=O)NC(CC)C(=O)O,3.1881344
1ype,CHEMBL2372655,CC[C@H](C)[C@H](NC(=O)[C@H](Cc1ccccc1)NC(=O)[C@H](CCCCN)NC(=O)c2cc(O)ccc2O)C(=O)N[C@@H](CC)C(=O)O,3.709965389
1ype,CHEMBL2372656,CC[C@H](C)[C@H](NC(=O)[C@H](CCCCN)NC(=O)c1cc(O)ccc1O)C(=O)N[C@@H](Cc2ccccc2)C(=O)N[C@@H](Cc3ccccc3)C(=O)O,4.568636236
1ype,CHEMBL2372657,CC[C@H](C)[C@H](NC(=O)[C@H](CCCCN)NC(=O)c1cc(O)ccc1O)C(=O)N[C@@H](Cc2ccccc2)C(=O)N[C@@H](CCSC)C(=O)O,5.15490196
1ype,CHEMBL2372658,CC[C@H](C)[C@H](NC(=O)[C@@H]1CCCN1C(=O)[C@H](CC)NC(=O)c2cc(O)ccc2O)C(=O)N[C@@H](CC)C(=O)O,2.541664374
1ype,CHEMBL2372659,CC[C@H](C)[C@H](NC(=O)[C@@H]1CCCN1C(=O)[C@@H](NC(=O)c2cc(O)ccc2O)C(C)C)C(=O)N[C@@H](CC)C(=O)O,2.589054141
1ype,CHEMBL2372660,CC[C@H](C)[C@H](NC(=O)[C@@H]1CCCN1C(=O)[C@H](Cc2ccc(O)cc2)NC(=O)c3cc(O)ccc3O)C(=O)N[C@@H](CC)C(=O)O,2.614393726
1ype,CHEMBL2372661,CC[C@H](C)[C@H](NC(=O)[C@@H]1CCCN1C(=O)[C@H](Cc2c[nH]c3ccccc23)NC(=O)c4cc(O)ccc4O)C(=O)N[C@@H](CC)C(=O)O,2.766242637
1ype,CHEMBL2372662,CC[C@H](C)[C@H](NC(=O)[C@H](CCCCN)NC(=O)c1cc(O)ccc1O)C(=O)N[C@@H](Cc2ccccc2)C(=O)N[C@@H](CCC(=O)O)C(=O)O,3.698970004
1ype,CHEMBL2372663,CC[C@H](C)[C@H](NC(=O)[C@H](CCCCN)NC(=O)c1cc(O)ccc1O)C(=O)N[C@@H](Cc2ccccc2)C(=O)N[C@@H](CCC(=O)N)C(=O)O,5.193820026
1ype,CHEMBL2372664,CC[C@H](C)[C@H](NC(=O)[C@H](CCCCN)NC(=O)c1cc(O)ccc1O)C(=O)N[C@@H](Cc2ccccc2)C(=O)N[C@@H](CC(=O)O)C(=O)O,4.161150909
1ype,CHEMBL2372665,CC[C@H](C)[C@H](NC(=O)[C@H](CCCCN)NC(=O)c1cc(O)ccc1O)C(=O)N[C@@H](Cc2ccccc2)C(=O)N[C@@H](CC(=O)N)C(=O)O,4.677780705
1ype,CHEMBL2372666,CC[C@H](C)[C@H](NC(=O)[C@H](CCCCN)NC(=O)c1cc(O)ccc1O)C(=O)N[C@@H](Cc2ccccc2)C(=O)NCCCC(=O)O,4.958607315
1ype,CHEMBL2372668,CC[C@H](C)[C@H](NC(=O)[C@H](C)NC(=O)[C@H](CCCCN)NC(=O)c1cc(O)ccc1O)C(=O)N[C@@H](CC)C(=O)O,3.700452818
1ype,CHEMBL2372669,CC[C@H](C)[C@H](NC(=O)CCNC(=O)[C@H](CCCCN)NC(=O)c1cc(O)ccc1O)C(=O)N[C@@H](CC)C(=O)O,3.085656843
1ype,CHEMBL2372670,CC[C@H](C)[C@H](NC(=O)[C@@H]1CCCN1C(=O)[C@@H](CC(C)C)NC(=O)c2cc(O)ccc2O)C(=O)N[C@@H](CC)C(=O)O,2.556580538
1ype,CHEMBL2372671,CC[C@H](C)[C@H](NC(=O)[C@@H](NC(=O)[C@H](CCCCN)NC(=O)c1cc(O)ccc1O)[C@@H](C)O)C(=O)N[C@@H](CC)C(=O)O,3.262807357
1ype,CHEMBL2372672,CC[C@H](C)[C@H](NC(=O)[C@H](CCCCN)NC(=O)c1cc(O)ccc1O)C(=O)N[C@@H](CC(C)C)C(=O)N[C@@H](CC)C(=O)O,3.863279433
1ype,CHEMBL2372674,CC[C@H](C)[C@H](NC(=O)[C@H](CCCCN)NC(=O)c1cc(O)ccc1O)C(=O)N[C@@H](Cc2ccccc2)C(=O)N[C@@H](CC)C(=O)O,4.750282858
1ype,CHEMBL2372675,CC[C@H](C)[C@H](NC(=O)[C@H](CCC(=O)N)NC(=O)[C@H](CCCCN)NC(=O)c1cc(O)ccc1O)C(=O)N[C@@H](CC)C(=O)O,3.522878745
1ype,CHEMBL2372676,CC[C@H](C)[C@H](NC(=O)[C@H](CC(=O)O)NC(=O)[C@H](CCCCN)NC(=O)c1cc(O)ccc1O)C(=O)N[C@@H](CC)C(=O)O,2.898940645
1ype,CHEMBL2372677,CC[C@H](C)[C@H](NC(=O)[C@H](CC(=O)N)NC(=O)[C@H](CCCCN)NC(=O)c1cc(O)ccc1O)C(=O)N[C@@H](CC)C(=O)O,3.148130399
1ype,CHEMBL2372678,CC[C@H](C)[C@H](NC(=O)[C@@H](NC(=O)[C@H](CCCCN)NC(=O)c1cc(O)ccc1O)[C@@H](C)CC)C(=O)N[C@@H](CC)C(=O)O,4.064689796
1ype,CHEMBL2372679,CC[C@H](C)[C@H](NC(=O)[C@@H](CC(C)C)NC(=O)[C@H](CCCCN)NC(=O)c1cc(O)ccc1O)C(=O)N[C@@H](CC)C(=O)O,3.294992041
1ype,CHEMBL2372680,CC[C@H](C)[C@H](NC(=O)[C@@H]1CCCN1C(=O)CCNC(=O)c2cc(O)ccc2O)C(=O)N[C@@H](CC)C(=O)O,2.450751443
1ype,CHEMBL2372681,CC[C@H](C)[C@H](NC(=O)[C@@H]1CCCN1C(=O)[C@@H](C)NC(=O)c2cc(O)ccc2O)C(=O)N[C@@H](CC)C(=O)O,2.52929557
1ype,CHEMBL2372682,CC[C@H](C)[C@H](NC(=O)[C@@H]1CCCN1C(=O)CCCCCNC(=O)c2cc(O)ccc2O)C(=O)N[C@@H](CC)C(=O)O,2.664742744
1ype,CHEMBL2372683,CC[C@H](C)[C@H](NC(=O)[C@@H]1CCCN1C(=O)CCCNC(=O)c2cc(O)ccc2O)C(=O)N[C@@H](CC)C(=O)O,2.521000868
1ype,CHEMBL2372684,CC[C@H](C)[C@H](NC(=O)[C@H](CCCCN)NC(=O)c1cc(O)ccc1O)C(=O)N[C@@H](Cc2ccccc2)C(=O)N[C@@H](C(C)C)C(=O)O,4.508638306
1ype,CHEMBL2372685,CC[C@H](C)[C@H](NC(=O)[C@H](CCCCN)NC(=O)c1cc(O)ccc1O)C(=O)N[C@@H](Cc2ccccc2)C(=O)N[C@@H](Cc3ccc(O)cc3)C(=O)O,4.420216403
1ype,CHEMBL2372686,CC[C@H](C)[C@H](NC(=O)[C@H](CCCCN)NC(=O)c1cc(O)ccc1O)C(=O)N[C@@H](Cc2ccccc2)C(=O)N[C@@H](Cc3c[nH]cn3)C(=O)O,4.886056648
1ype,CHEMBL2372687,CC[C@H](C)[C@H](NC(=O)[C@H](CCCCN)NC(=O)c1cc(O)ccc1O)C(=O)N[C@@H](Cc2ccccc2)C(=O)NCC(=O)O,4.698970004
1ype,CHEMBL2372689,CC[C@H](C)[C@H](NC(=O)[C@H](CCCCN)NC(=O)c1cc(O)ccc1O)C(=O)N[C@@H](Cc2c[nH]cn2)C(=O)N[C@@H](CC)C(=O)O,3.962573502
1ype,CHEMBL2372690,CC[C@H](C)[C@H](NC(=O)[C@H](CCCCN)NC(=O)c1cc(O)ccc1O)C(=O)NCC(=O)N[C@@H](CC)C(=O)O,3.350665141
1ype,CHEMBL2372691,CC[C@H](C)[C@H](NC(=O)[C@@H]1CSCN1C(=O)[C@H](CCCCN)NC(=O)c2cc(O)ccc2O)C(=O)N[C@@H](CC)C(=O)O,3.4225082
1ype,CHEMBL2372692,CC[C@H](C)[C@H](NC(=O)[C@@H]1CC(O)CN1C(=O)[C@H](CCCCN)NC(=O)c2cc(O)ccc2O)C(=O)N[C@@H](CC)C(=O)O,3.525783736
1ype,CHEMBL2372693,CC[C@H](C)[C@H](NC(=O)[C@@H](NC(=O)[C@H](CCCCN)NC(=O)c1cc(O)ccc1O)C(C)C)C(=O)N[C@@H](CC)C(=O)O,3.49757288
1ype,CHEMBL2372694,CC[C@H](C)[C@H](NC(=O)[C@H](CCCCN)NC(=O)[C@H](CCCCN)NC(=O)c1cc(O)ccc1O)C(=O)N[C@@H](CC)C(=O)O,3.126098402
1ype,CHEMBL2372695,CC[C@H](C)[C@H](NC(=O)[C@H](CC(C)C)NC(=O)[C@H](CCCCN)NC(=O)c1cc(O)ccc1O)C(=O)N[C@@H](CC)C(=O)O,4.337242168
1ype,CHEMBL2372696,CC[C@H](C)[C@H](NC(=O)[C@H](CCCCN)NC(=O)c1cc(O)ccc1O)C(=O)N[C@@H](Cc2ccccc2)C(=O)N[C@H](C)C(=O)O,4.26760624
1ype,CHEMBL2372697,CC[C@H](C)[C@H](NC(=O)[C@H](CCCCN)NC(=O)c1cc(O)ccc1O)C(=O)N[C@@H](Cc2ccccc2)C(=O)NCCCCCC(=O)O,4.886056648
1ype,CHEMBL2372700,CC[C@H](C)[C@H](NC(=O)[C@H](CCCN=C(N)N)NC(=O)[C@H](CCCCN)NC(=O)c1cc(O)ccc1O)C(=O)N[C@@H](CC)C(=O)O,3.563837353
1ype,CHEMBL2372701,CC[C@H](C)[C@H](NC(=O)[C@H](CCCCN)NC(=O)c1cc(O)ccc1O)C(=O)N2CCC[C@H]2C(=O)N[C@@H](CC)C(=O)O,3.235077015
1ype,CHEMBL2372702,CC[C@H](C)[C@H](NC(=O)[C@H](CCCCN)NC(=O)c1cc(O)ccc1O)C(=O)N[C@@H](CCSC)C(=O)N[C@@H](CC)C(=O)O,4.337242168
1ype,CHEMBL2372703,CC[C@H](C)[C@H](NC(=O)[C@H](CCCCN)NC(=O)c1cc(O)ccc1O)C(=O)N[C@@H](CCCCN)C(=O)N[C@@H](CC)C(=O)O,4.167491087
1ype,CHEMBL2372704,CC[C@H](C)[C@H](NC(=O)[C@H](CCCCN)NC(=O)c1cc(O)ccc1O)C(=O)N[C@@H](CCC(=O)O)C(=O)N[C@@H](CC)C(=O)O,3.339134522
1ype,CHEMBL2372705,CC[C@H](C)[C@H](NC(=O)[C@H](CCCCN)NC(=O)c1cc(O)ccc1O)C(=O)N[C@@H](CCC(=O)N)C(=O)N[C@@H](CC)C(=O)O,4.086186148
1ype,CHEMBL2372706,CC[C@H](C)[C@H](NC(=O)[C@@H]1CCCN1C(=O)[C@H](CCSC)NC(=O)c2cc(O)ccc2O)C(=O)N[C@@H](CC)C(=O)O,2.580044252
1ype,CHEMBL2372707,CC[C@H](C)[C@H](NC(=O)[C@@H]1CCCN1C(=O)[C@H](CC(C)C)NC(=O)c2cc(O)ccc2O)C(=O)N[C@@H](CC)C(=O)O,2.7242281
1ype,CHEMBL2372708,CC[C@H](C)[C@H](NC(=O)[C@@H]1CCCN1C(=O)[C@@H](NC(=O)c2cc(O)ccc2O)[C@@H](C)CC)C(=O)N[C@@H](CC)C(=O)O,2.567030709
1ype,CHEMBL2372710,CC[C@H](C)[C@H](NC(=O)[C@H](CCCCN)NC(=O)c1cc(O)ccc1O)C(=O)N[C@@H](Cc2ccccc2)C(=O)N[C@@H](CO)C(=O)O,4.823908741
1ype,CHEMBL2372714,CC[C@H](C)[C@H](NC(=O)[C@H](Cc1c[nH]cn1)NC(=O)[C@H](CCCCN)NC(=O)c2cc(O)ccc2O)C(=O)N[C@@H](CC)C(=O)O,3.374687549
1ype,CHEMBL2372715,CC[C@H](C)[C@H](NC(=O)[C@H](Cc1ccc(O)cc1)NC(=O)[C@H](CCCCN)NC(=O)c2cc(O)ccc2O)C(=O)N[C@@H](CC)C(=O)O,3.172630727
1ype,CHEMBL2372716,CC[C@H](C)[C@H](NC(=O)[C@H](Cc1c[nH]c2ccccc12)NC(=O)[C@H](CCCCN)NC(=O)c3cc(O)ccc3O)C(=O)N[C@@H](CC)C(=O)O,3.772113295
1ype,CHEMBL2372717,CC[C@H](C)[C@H](NC(=O)[C@@H]1CCCN1C(=O)[C@@H]2CCCN2C(=O)c3cc(O)ccc3O)C(=O)N[C@@H](CC)C(=O)O,2.470698002
1ype,CHEMBL2372718,CC[C@H](C)[C@H](NC(=O)[C@@H]1CCCN1C(=O)[C@H](CCC(=O)N)NC(=O)c2cc(O)ccc2O)C(=O)N[C@@H](CC)C(=O)O,2.594312213
1ype,CHEMBL2372719,CC[C@H](C)[C@H](NC(=O)[C@@H]1CCCN1C(=O)[C@H](C)NC(=O)c2cc(O)ccc2O)C(=O)N[C@@H](CC)C(=O)O,2.757210191
1ype,CHEMBL2372722,CC[C@H](C)[C@H](NC(=O)[C@@H]1CCCN1C(=O)[C@H](CCCN=C(N)N)NC(=O)c2cc(O)ccc2O)C(=O)N[C@@H](CC)C(=O)O,3.671570758
1ype,CHEMBL2372723,CC[C@H](C)[C@H](NC(=O)[C@H](CCCCN)NC(=O)c1cc(O)ccc1O)C(=O)N[C@@H](Cc2ccc(O)cc2)C(=O)N[C@@H](CC)C(=O)O,4.602059991
1ype,CHEMBL2372724,CC[C@H](C)[C@H](NC(=O)[C@H](CCCCN)NC(=O)c1cc(O)ccc1O)C(=O)N[C@@H](Cc2c[nH]c3ccccc23)C(=O)N[C@@H](CC)C(=O)O,4.356547324
1ype,CHEMBL2372725,CC[C@H](C)[C@H](NC(=O)[C@H](CCCCN)NC(=O)c1cc(O)ccc1O)C(=O)N[C@@H](Cc2ccccc2)C(=O)N[C@@H](Cc3c[nH]c4ccccc34)C(=O)O,4.366531544
1ype,CHEMBL2372726,CC[C@H](C)[C@H](NC(=O)[C@H](CCCCN)NC(=O)c1cc(O)ccc1O)C(=O)N[C@@H](Cc2ccccc2)C(=O)N[C@@H]([C@@H](C)O)C(=O)O,4.769551079
1ype,CHEMBL2372728,CC[C@H](C)[C@H](NC(=O)[C@@H]1CCCN1C(=O)[C@@H](NC(=O)c2cc(O)ccc2O)[C@@H](C)O)C(=O)N[C@@H](CC)C(=O)O,2.501276029
1ype,CHEMBL2372729,CC[C@H](C)[C@H](NC(=O)[C@@H]1CCCN1C(=O)[C@H](CO)NC(=O)c2cc(O)ccc2O)C(=O)N[C@@H](CC)C(=O)O,2.633017024
1ype,CHEMBL2372730,CC[C@H](C)[C@H](NC(=O)CNC(=O)[C@H](CCCCN)NC(=O)c1cc(O)ccc1O)C(=O)N[C@@H](CC)C(=O)O,3.368556231
1ype,CHEMBL2372731,CC[C@H](C)[C@H](NC(=O)[C@H](CCC(=O)O)NC(=O)[C@H](CCCCN)NC(=O)c1cc(O)ccc1O)C(=O)N[C@@H](CC)C(=O)O,4.26760624
1ype,CHEMBL2372732,CC[C@H](C)[C@H](NC(=O)[C@H](CCCCN)NC(=O)c1cc(O)ccc1O)C(=O)N[C@@H](Cc2ccccc2)C(=O)N[C@@H](CCCN=C(N)N)C(=O)O,5.721246399
1ype,CHEMBL2372733,CC[C@H](C)[C@H](NC(=O)[C@H](CCCCN)NC(=O)c1cc(O)ccc1O)C(=O)N[C@@H](Cc2ccccc2)C(=O)N[C@@H](C)C(=O)O,5.236572006
1ype,CHEMBL2372734,CC[C@H](C)[C@H](NC(=O)[C@H](CCCCN)NC(=O)c1cc(O)ccc1O)C(=O)N[C@@H]([C@@H](C)O)C(=O)N[C@@H](CC)C(=O)O,3.404503778
1ype,CHEMBL2372735,CC[C@H](C)[C@H](NC(=O)[C@H](CCCCN)NC(=O)c1cc(O)ccc1O)C(=O)N[C@@H](Cc2ccccc2)C(=O)N[C@@H](CCCCN)C(=O)O,5.602059991
1ype,CHEMBL2372736,CC[C@H](C)[C@H](NC(=O)[C@H](CCCCN)NC(=O)c1cc(O)ccc1O)C(=O)N[C@@H](Cc2ccccc2)C(=O)N[C@@H](CC(C)C)C(=O)O,5.045757491
1ype,CHEMBL2372737,CC[C@H](C)[C@H](NC(=O)[C@H](Cc1ccccc1)NC(=O)[C@@H](NC(=O)[C@H](CCCCN)NC(=O)c2cc(O)ccc2O)[C@@H](C)CC)C(=O)O,4.37675071
1ype,CHEMBL2372738,CC[C@H](C)[C@H](NC(=O)[C@H](CCCCN)NC(=O)c1cc(O)ccc1O)C(=O)N[C@@H](CO)C(=O)N[C@@H](CC)C(=O)O,3.974694135
1ype,CHEMBL2372740,CC[C@H](C)[C@H](NC(=O)[C@H](CCCCN)NC(=O)c1cc(O)ccc1O)C(=O)NCCCCCC(=O)N[C@@H](CC)C(=O)O,3.774690718
1ype,CHEMBL2372741,CC[C@H](C)[C@H](NC(=O)[C@H](CCCCN)NC(=O)c1cc(O)ccc1O)C(=O)NCCCC(=O)N[C@@H](CC)C(=O)O,3.581698709
1ype,CHEMBL2372742,CC[C@H](C)[C@H](NC(=O)[C@H](CCCCN)NC(=O)c1cc(O)ccc1O)C(=O)N[C@@H](CC)C(=O)N[C@@H](CC)C(=O)O,3.53165267
1ype,CHEMBL2372743,CC[C@H](C)[C@H](NC(=O)[C@H](CCCCN)NC(=O)c1cc(O)ccc1O)C(=O)N[C@@H](C(C)C)C(=O)N[C@@H](CC)C(=O)O,3.71219827
1ype,CHEMBL2372744,CC[C@H](C)[C@H](NC(=O)[C@H](CCCCN)NC(=O)c1cc(O)ccc1O)C(=O)N[C@@H](CC(=O)O)C(=O)N[C@@H](CC)C(=O)O,3.167491087
1ype,CHEMBL2372745,CC[C@H](C)[C@H](NC(=O)[C@H](CCCCN)NC(=O)c1cc(O)ccc1O)C(=O)N[C@@H](CC(=O)N)C(=O)N[C@@H](CC)C(=O)O,3.467245621
1ype,CHEMBL2372746,CC[C@H](C)[C@H](NC(=O)[C@H](CCCCN)NC(=O)c1cc(O)ccc1O)C(=O)N[C@@H](CCCN=C(N)N)C(=O)N[C@@H](CC)C(=O)O,4.585026652
1ype,CHEMBL2372747,CC[C@H](C)[C@H](NC(=O)[C@H](CCCCN)NC(=O)c1cc(O)ccc1O)C(=O)N[C@@H](C)C(=O)N[C@@H](CC)C(=O)O,3.73754891
1ype,CHEMBL2372748,CC[C@H](C)[C@H](NC(=O)[C@@H]1CCCN1C(=O)[C@H](Cc2c[nH]cn2)NC(=O)c3cc(O)ccc3O)C(=O)N[C@@H](CC)C(=O)O,2.552376902
1ype,CHEMBL2372749,CC[C@H](C)[C@H](NC(=O)[C@@H]1CCCN1C(=O)CNC(=O)c2cc(O)ccc2O)C(=O)N[C@@H](CC)C(=O)O,2.524474085
1ype,CHEMBL2372750,CC[C@H](C)[C@H](NC(=O)[C@H](CCCCN)NC(=O)c1cc(O)ccc1O)C(=O)NCCC(=O)N[C@@H](CC)C(=O)O,3.391473966
1ype,CHEMBL2372751,CC[C@H](C)[C@H](NC(=O)[C@H](CCCCN)NC(=O)c1cc(O)ccc1O)C(=O)N[C@@H](Cc2ccccc2)C(=O)NCCC(=O)O,4.537602002
1ype,CHEMBL2372752,CC[C@H](C)[C@H](NC(=O)[C@H](CCCCN)NC(=O)c1cc(O)ccc1O)C(=O)N[C@H](CC(C)C)C(=O)N[C@@H](CC)C(=O)O,3.294992041
1ype,CHEMBL2372753,CC[C@H](C)[C@H](NC(=O)[C@H](CCCCN)NC(=O)c1cc(O)ccc1O)C(=O)N[C@H](C)C(=O)N[C@@H](CC)C(=O)O,3.226945307
1ype,CHEMBL2372754,CC[C@H](C)[C@H](NC(=O)[C@@H]1CCCN1C(=O)[C@H](CC(=O)O)NC(=O)c2cc(O)ccc2O)C(=O)N[C@@H](CC)C(=O)O,2.608711951
1ype,CHEMBL2372755,CC[C@H](C)[C@H](NC(=O)[C@@H]1CCCN1C(=O)[C@H](CCC(=O)O)NC(=O)c2cc(O)ccc2O)C(=O)N[C@@H](CC)C(=O)O,2.478077755
1ype,CHEMBL2372756,CC[C@H](C)[C@H](NC(=O)[C@@H]1CCCN1C(=O)[C@H](CC(=O)N)NC(=O)c2cc(O)ccc2O)C(=O)N[C@@H](CC)C(=O)O,2.470313046
1ype,CHEMBL2372758,CC[C@H](C)[C@H](NC(=O)[C@H](CCCCN)NC(=O)c1cc(O)ccc1O)C(=O)N[C@@H](Cc2ccccc2)C(=O)N[C@H](CC)C(=O)O,4.853871964
1ype,CHEMBL2372759,CC[C@H](C)[C@H](NC(=O)[C@H](CCCCN)NC(=O)c1cc(O)ccc1O)C(=O)N[C@@H](Cc2ccccc2)C(=O)N[C@H](CC(C)C)C(=O)O,4.292429824
1ype,CHEMBL256253,NC(=N)NCCC[C@H](NC(=O)[C@@H]1CC[C@H]2CN(CC(=O)N12)S(=O)(=O)Cc3ccccc3)C(=O)c4nccs4,9.698970004
1ype,CHEMBL162615,NC(=N)NCCC[C@H](NC(=O)CN1CCN([C@@H](CCCNC(=N)N)C1=O)S(=O)(=O)Cc2ccccc2)C(=O)c3nccs3,4.920818754
1ype,CHEMBL163407,NC(=N)NCCC[C@H](NC(=O)CN1CCN[C@@H](CCCNC(=N)N)C1=O)C(=O)c2nccs2,3.823908741
1ype,CHEMBL169946,NC(=N)NCCC[C@H](NC(=O)[C@@H]1CC[C@H]2CN(CC(=O)N12)C(=O)CCc3ccccc3)C(=O)c4ccccn4,6.468521083
1ype,CHEMBL256027,Cn1nnnc1C(=O)[C@@H](NC(=O)[C@@H]2CC[C@H]3CN(CC(=O)N23)S(=O)(=O)Cc4ccccc4)[C@@H]5CC[C@@H](N)CC5,8.301029996
1ype,CHEMBL256028,COC(=O)n1nnnc1C(=O)[C@@H](NC(=O)[C@@H]2CC[C@H]3CN(CC(=O)N23)S(=O)(=O)Cc4ccccc4)[C@@H]5CC[C@@H](N)CC5,5.585026652
1ype,CHEMBL256030,Cn1ccnc1C(=O)[C@H](CCCNC(=N)N)NC(=O)[C@@H]2CC[C@H]3CN(CC(=O)N23)C(=O)CCc4ccccc4,5.619788758
1ype,CHEMBL256393,C[C@]12C[C@@H](Cc3ccc4nc(ccc4c3)C(F)(F)F)CC(=O)N1[C@@H](CS2)C(=O)N[C@@H](CCCNC(=N)N)C(=O)c5nccs5,8
1ype,CHEMBL256396,Cn1c(nc2ccccc12)C(=O)[C@H](CCCNC(=N)N)NC(=O)[C@@H]3CC[C@H]4CN(CC(=O)N34)C(=O)CCc5ccccc5,7.292429824
1ype,CHEMBL256631,N[C@@H]1CC[C@H](CC1)[C@H](NC(=O)[C@@H]2CC[C@H]3CN(CC(=O)N23)S(=O)(=O)Cc4ccccc4)C(=O)c5nc6ccccc6s5,9.15490196
1ype,CHEMBL257068,NC(=N)NCCC[C@H](NC(=O)CN1C=CC=C(NS(=O)(=O)Cc2ccccc2)C1=O)C(=O)c3nccs3,8.096910013
1ype,CHEMBL257867,NC(=O)C[C@H](NC(=O)[C@@H](Cc1ccccc1)NS(=O)(=O)Cc2ccccc2)C(=O)N[C@@H](CCCNC(=N)N)C(=O)c3nccs3,4.22184875
1ype,CHEMBL258104,NC(=N)NCCC[C@H](NC(=O)CN1CCN(CC1=O)C(=O)Cc2ccccc2)C(=O)c3nccs3,4.958607315
1ype,CHEMBL258105,NC(=N)NCCC[C@H](NC(=O)CN1CCN(CC1=O)S(=O)(=O)Cc2ccccc2)C(=O)c3nccs3,6.408935393
1ype,CHEMBL258108,NC(=N)NCCC[C@H](NC(=O)[C@@H]1CC[C@H]2CN(CC(=O)N12)C(=O)CCOc3ccccc3)C(=O)c4nccs4,8.301029996
1ype,CHEMBL265317,NC(=N)NCCC[C@H](NC(=O)[C@@H]1CC[C@@H]2CC[C@](N)(Cc3ccccc3)C(=O)N12)C(=O)c4nc5ccccc5s4,8
1ype,CHEMBL269971,C[C@]12C[C@@H](Cc3ccccc3)CC(=O)N1[C@@H](CS2)C(=O)N[C@@H](CCCNC(=N)N)C(=O)c4nccs4,7.795880017
1ype,CHEMBL270225,NC(=N)NCCC[C@H](NC(=O)[C@@H]1CCN2CC[C@@](N)(Cc3ccccc3)C(=O)N12)C(=O)c4nc5ccccc5s4,9.187086643
1ype,CHEMBL271046,Cc1nc(sc1C(=O)O)C(=O)[C@@H](NC(=O)[C@@H]2CC[C@H]3CN(CC(=O)N23)S(=O)(=O)Cc4ccccc4)[C@@H]5CC[C@@H](N)CC5,7.096910013
1ype,CHEMBL271495,NC(=N)NCCC[C@H](NC(=O)CN1CCCC[C@@H](NS(=O)(=O)Cc2ccccc2)C1=O)C(=O)c3nccs3,7.420216403
1ype,CHEMBL271934,NC(=N)NCCC[C@H](NC(=O)CN1CCN(CC1=O)S(=O)(=O)c2ccc(Cl)cc2)C(=O)c3nccs3,6
1ype,CHEMBL271936,NC(=N)NCCC[C@H](NC(=O)CN1CCN(CC1=O)S(=O)(=O)c2ccccc2)C(=O)c3nccs3,6.37675071
1ype,CHEMBL272135,COC(=O)C[C@H]1N(CCN(CC(=O)N[C@@H](CCCNC(=N)N)C(=O)c2nccs2)C1=O)S(=O)(=O)Cc3ccccc3,5.301029996
1ype,CHEMBL272931,CN[C@H](Cc1ccccc1)C(=O)N2CCC[C@H]2C(=O)N[C@@H](CCCNC(=N)N)C(=O)c3nccn3C,6.698970004
1ype,CHEMBL272961,COC(=O)C[C@@H]1N(CCN(CC(=O)N[C@@H](CCCNC(=N)N)C(=O)c2nccs2)C1=O)S(=O)(=O)Cc3ccccc3,6
1ype,CHEMBL275859,NC(=N)NCCC[C@H](NC(=O)[C@H](CO)NC(=O)[C@@H](Cc1ccccc1)NS(=O)(=O)Cc2ccccc2)C(=O)c3nccs3,7.397940009
1ype,CHEMBL283717,NC(=N)NCCC[C@H](NC(=O)[C@@H]1CC[C@@H]2CC[C@@](N)(Cc3ccccc3)C(=O)N12)C(=O)c4nc5ccccc5s4,9.070581074
1ype,CHEMBL311553,NC(=N)NCCC[C@H](NC(=O)[C@H](Cc1ccccc1F)NC(=O)[C@@H](Cc2ccccc2)NS(=O)(=O)Cc3ccccc3)C(=O)c4nccs4,3.522878745
1ype,CHEMBL313790,NC(=N)NCCC[C@H](NC(=O)CN1[C@H](Cc2ccccc2)C(=O)N(CCCc3ccccc3)CC1=O)C(=O)c4nccs4,5.468521083
1ype,CHEMBL32182,NC(=N)NCCC[C@H](NC(=O)[C@@H]1CCN2CC[C@@](N)(Cc3ccccc3)C(=O)N12)C(=O)c4nccs4,8.619788758
1ype,CHEMBL322205,CN[C@H](Cc1ccccc1)C(=O)N2CCC[C@H]2C(=O)N[C@@H](CCCN=C(N)N)C(=O)c3nccs3,8.677780705
1ype,CHEMBL324413,NC(=N)NCCC[C@H](NC(=O)[C@@H]1CC[C@H]2CN(CC(=O)N12)C(=O)CCc3ccccc3)C(=O)c4nccs4,8.749333865
1ype,CHEMBL333154,NC(=N)N1CCC(CC1)[C@H](NC(=O)[C@@H]2CC[C@H]3CN(CC(=O)N23)C(=O)CCc4ccccc4)C(=O)c5nccs5,9
1ype,CHEMBL342850,NCCCC[C@H](NC(=O)[C@@H]1CCCN1C(=O)[C@H](N)Cc2ccccc2)C(=O)c3nccs3,6.823908741
1ype,CHEMBL350380,NC(=N)NCCC[C@H](NC(=O)CN1CCN([C@@H](Cc2ccccc2)C1=O)S(=O)(=O)Cc3ccccc3)C(=O)c4nccs4,5.698970004
1ype,CHEMBL350514,NC(=N)NCCC[C@H](NC(=O)CN1CCN([C@H](CCCNC(=N)N)C1=O)S(=O)(=O)Cc2ccccc2)C(=O)c3nccs3,5.522878745
1ype,CHEMBL352928,NC(=N)NCCC[C@H](NC(=O)[C@@H]1CC[C@H]2CN(CC(=O)N12)C(=O)CCc3ccccc3)C(=O)c4nc5ccccc5s4,10
1ype,CHEMBL401696,N[C@@H]1CC[C@H](CC1)[C@H](NC(=O)[C@@H]2CC[C@H]3CN(CC(=O)N23)S(=O)(=O)Cc4ccccc4)C(=O)c5nccs5,8.494850022
1ype,CHEMBL401737,CS(=O)(=O)CC[C@H](NS(=O)(=O)Cc1ccccc1)C(=O)N2CCC[C@H]2C(=O)N[C@@H](CCCNC(=N)N)C(=O)c3nc4ccccc4s3,8.823908741
1ype,CHEMBL402935,CC[C@H](C)[C@H](NC(=O)[C@@H](Cc1ccccc1)NS(=O)(=O)Cc2ccccc2)C(=O)N[C@@H](CCCNC(=N)N)C(=O)c3nccs3,4.721246399
1ype,CHEMBL404268,NC(=N)NCCC[C@H](NC(=O)CNC(=O)[C@@H](CC1CCCCC1)NS(=O)(=O)Cc2ccccc2)C(=O)c3nccs3,7.397940009
1ype,CHEMBL404534,NC(=N)NCCC[C@H](NC(=O)CN1CCN[C@H](CCCNC(=N)N)C1=O)C(=O)c2nccs2,3.698970004
1ype,CHEMBL404755,NC(=N)NCCC[C@H](NC(=O)CN1CCN(Cc2ccccc2)CC1=O)C(=O)c3nccs3,4.853871964
1ype,CHEMBL405427,NC(=N)NCCC[C@H](NC(=O)CN1CCN([C@H](Cc2ccccc2)C1=O)S(=O)(=O)Cc3ccccc3)C(=O)c4nccs4,6.292429824
1ype,CHEMBL406157,NC(=N)NCCC[C@H](NC(=O)CN1CCN(CC1=O)C(=O)c2ccccc2)C(=O)c3nccs3,5.15490196
1ype,CHEMBL438351,N[C@H](Cc1cc2ccccc2[nH]1)C(=O)N3C[C@@H]4CC[C@H](N4C(=O)C3)C(=O)N[C@@H](CCCNC(=N)N)C(=O)c5nccs5,9
1ype,CHEMBL78053,NC(=N)NCCC[C@H](NC(=O)[C@H](Cc1cccnc1)NC(=O)[C@@H](Cc2ccccc2)NS(=O)(=O)Cc3ccccc3)C(=O)c4nccs4,4
1ype,CHEMBL78055,NC(=N)NCCC[C@H](NC(=O)[C@H](Cc1ccccc1)NC(=O)[C@@H](Cc2ccccc2)NS(=O)(=O)Cc3ccccc3)C(=O)c4nccs4,5.397940009
1ype,CHEMBL2159272,NC(=[NH2+])c1ccc(CNC(=O)CCCNS(=O)(=O)c2cccc(c2)C(=[NH2+])N)cc1.[O-]C(=O)C(F)(F)F.[O-]C(=O)C(F)(F)F,5.292429824
1ype,CHEMBL2159270,NC(=[NH2+])c1ccc(CNC(=O)CNS(=O)(=O)c2cccc(c2)C(=[NH2+])N)cc1.[O-]C(=O)C(F)(F)F.[O-]C(=O)C(F)(F)F,4.769551079
1ype,CHEMBL2159271,NC(=[NH2+])c1ccc(CNC(=O)CCNS(=O)(=O)c2cccc(c2)C(=[NH2+])N)cc1.[O-]C(=O)C(F)(F)F.[O-]C(=O)C(F)(F)F,5.086186148
1ype,CHEMBL2159273,NC(=[NH2+])c1ccc(CNC(=O)[C@H](Cc2ccccc2)NS(=O)(=O)c3ccc(cc3)C(=[NH2+])N)cc1.[O-]C(=O)C(F)(F)F.[O-]C(=O)C(F)(F)F,4.782516056
1ype,CHEMBL2159274,NC(=[NH2+])c1ccc(CNC(=O)[C@@H](Cc2ccccc2)NS(=O)(=O)c3ccc(cc3)C(=[NH2+])N)cc1.[O-]C(=O)C(F)(F)F.[O-]C(=O)C(F)(F)F,5.22184875
1ype,CHEMBL2159275,NC(=[NH2+])c1ccc(CNC(=O)[C@H](COCc2ccccc2)NS(=O)(=O)c3ccc(cc3)C(=[NH2+])N)cc1.[O-]C(=O)C(F)(F)F.[O-]C(=O)C(F)(F)F,4.494850022
1ype,CHEMBL2159276,NC(=[NH2+])c1ccc(CNC(=O)[C@@H](COCc2ccccc2)NS(=O)(=O)c3ccc(cc3)C(=[NH2+])N)cc1.[O-]C(=O)C(F)(F)F.[O-]C(=O)C(F)(F)F,6.031517051
1ype,CHEMBL2159277,NC(=[NH2+])c1ccc(CNC(=O)[C@H](Cc2ccccc2)NS(=O)(=O)c3cccc(c3)C(=[NH2+])N)cc1.[O-]C(=O)C(F)(F)F.[O-]C(=O)C(F)(F)F,4.970616222
1ype,CHEMBL2159278,NC(=[NH2+])c1ccc(CNC(=O)[C@@H](Cc2ccccc2)NS(=O)(=O)c3cccc(c3)C(=[NH2+])N)cc1.[O-]C(=O)C(F)(F)F.[O-]C(=O)C(F)(F)F,5.619788758
1ype,CHEMBL2159279,NC(=[NH2+])c1ccc(CNC(=O)[C@H](COCc2ccccc2)NS(=O)(=O)c3cccc(c3)C(=[NH2+])N)cc1.[O-]C(=O)C(F)(F)F.[O-]C(=O)C(F)(F)F,4.950781977
1ype,CHEMBL2159280,NC(=[NH2+])c1ccc(CNC(=O)[C@@H](COCc2ccccc2)NS(=O)(=O)c3cccc(c3)C(=[NH2+])N)cc1.[O-]C(=O)C(F)(F)F.[O-]C(=O)C(F)(F)F,6.27572413
1ype,CHEMBL2159281,NC(=[NH2+])c1cccc(NC(=O)CNS(=O)(=O)c2ccc3ccccc3c2)c1.[O-]C(=O)C(F)(F)F,5.069050969
1ype,CHEMBL2159282,NC(=[NH2+])c1cccc(NC(=O)CNS(=O)(=O)c2cccc3ccccc23)c1.[O-]C(=O)C(F)(F)F,5.235077015
1ype,CHEMBL2159284,CC(C)(C)OC(=O)c1cccc(NC(=O)CNS(=O)(=O)c2ccc(cc2)C(=[NH2+])N)c1.[O-]C(=O)C(F)(F)F,4.193820026
1ype,CHEMBL2159285,CC(C)(C)OC(=O)c1ccc(NC(=O)CCNS(=O)(=O)c2ccc(cc2)C(=[NH2+])N)cc1.[O-]C(=O)C(F)(F)F,3.759450752
1ype,CHEMBL2159286,CC(C)(C)OC(=O)c1cccc(NC(=O)CCNS(=O)(=O)c2ccc(cc2)C(=[NH2+])N)c1.[O-]C(=O)C(F)(F)F,4
1ype,CHEMBL2159287,CC(C)(C)OC(=O)c1ccc(NC(=O)CCCNS(=O)(=O)c2ccc(cc2)C(=[NH2+])N)cc1.[O-]C(=O)C(F)(F)F,3.987162775
1ype,CHEMBL2159288,CC(C)(C)OC(=O)c1cccc(NC(=O)CCCNS(=O)(=O)c2ccc(cc2)C(=[NH2+])N)c1.[O-]C(=O)C(F)(F)F,3.93930216
1ype,CHEMBL2159289,CC(C)(C)OC(=O)c1ccc(NC(=O)CNS(=O)(=O)c2cccc(c2)C(=[NH2+])N)cc1.[O-]C(=O)C(F)(F)F,4.860120914
1ype,CHEMBL2159290,CC(C)(C)OC(=O)c1cccc(NC(=O)CNS(=O)(=O)c2cccc(c2)C(=[NH2+])N)c1.[O-]C(=O)C(F)(F)F,5.13076828
1ype,CHEMBL2159291,CC(C)(C)OC(=O)c1ccc(NC(=O)CCNS(=O)(=O)c2cccc(c2)C(=[NH2+])N)cc1.[O-]C(=O)C(F)(F)F,4.200659451
1ype,CHEMBL2159292,CC(C)(C)OC(=O)c1cccc(NC(=O)CCNS(=O)(=O)c2cccc(c2)C(=[NH2+])N)c1.[O-]C(=O)C(F)(F)F,4.886056648
1ype,CHEMBL2159293,CC(C)(C)OC(=O)c1ccc(NC(=O)CCCNS(=O)(=O)c2cccc(c2)C(=[NH2+])N)cc1.[O-]C(=O)C(F)(F)F,4.823908741
1ype,CHEMBL2159294,CC(C)(C)OC(=O)c1cccc(NC(=O)CCCNS(=O)(=O)c2cccc(c2)C(=[NH2+])N)c1.[O-]C(=O)C(F)(F)F,4.522878745
1ype,CHEMBL2159295,NC(=[NH2+])c1ccc(cc1)S(=O)(=O)NCC(=O)Nc2ccc(cc2)C(=O)O.[O-]C(=O)C(F)(F)F,2.301029996
1ype,CHEMBL2159296,NC(=[NH2+])c1ccc(cc1)S(=O)(=O)NCC(=O)Nc2cccc(c2)C(=O)O.[O-]C(=O)C(F)(F)F,2.301029996
1ype,CHEMBL2159297,NC(=[NH2+])c1ccc(cc1)S(=O)(=O)NCCC(=O)Nc2ccc(cc2)C(=O)O.[O-]C(=O)C(F)(F)F,2.301029996
1ype,CHEMBL2159298,NC(=[NH2+])c1ccc(cc1)S(=O)(=O)NCCC(=O)Nc2cccc(c2)C(=O)O.[O-]C(=O)C(F)(F)F,2.301029996
1ype,CHEMBL2159299,NC(=[NH2+])c1ccc(cc1)S(=O)(=O)NCCCC(=O)Nc2ccc(cc2)C(=O)O.[O-]C(=O)C(F)(F)F,4.180456064
1ype,CHEMBL2159300,NC(=[NH2+])c1ccc(cc1)S(=O)(=O)NCCCC(=O)Nc2cccc(c2)C(=O)O.[O-]C(=O)C(F)(F)F,3.696803943
1ype,CHEMBL2159301,NC(=[NH2+])c1cccc(c1)S(=O)(=O)NCC(=O)Nc2ccc(cc2)C(=O)O.[O-]C(=O)C(F)(F)F,4.283996656
1ype,CHEMBL2159302,NC(=[NH2+])c1cccc(c1)S(=O)(=O)NCC(=O)Nc2cccc(c2)C(=O)O.[O-]C(=O)C(F)(F)F,4.431798276
1ype,CHEMBL2159303,NC(=[NH2+])c1cccc(c1)S(=O)(=O)NCCC(=O)Nc2ccc(cc2)C(=O)O.[O-]C(=O)C(F)(F)F,4.537602002
1ype,CHEMBL2159304,NC(=[NH2+])c1cccc(c1)S(=O)(=O)NCCC(=O)Nc2cccc(c2)C(=O)O.[O-]C(=O)C(F)(F)F,4.055517328
1ype,CHEMBL2159305,NC(=[NH2+])c1cccc(c1)S(=O)(=O)NCCCC(=O)Nc2ccc(cc2)C(=O)O.[O-]C(=O)C(F)(F)F,4.522878745
1ype,CHEMBL2159361,NC(=[NH2+])c1cccc(c1)S(=O)(=O)NCCCC(=O)Nc2cccc(c2)C(=O)O.[O-]C(=O)C(F)(F)F,4.124938737
1ype,CHEMBL2159362,NC(=[NH2+])c1ccc(CNC(=O)CNS(=O)(=O)c2ccc(cc2)C(=[NH2+])N)cc1.[O-]C(=O)C(F)(F)F.[O-]C(=O)C(F)(F)F,3.903089987
1ype,CHEMBL2159363,NC(=[NH2+])c1ccc(CNC(=O)CCNS(=O)(=O)c2ccc(cc2)C(=[NH2+])N)cc1.[O-]C(=O)C(F)(F)F.[O-]C(=O)C(F)(F)F,4.974694135
1ype,CHEMBL2159364,NC(=[NH2+])c1ccc(CNC(=O)CCCNS(=O)(=O)c2ccc(cc2)C(=[NH2+])N)cc1.[O-]C(=O)C(F)(F)F.[O-]C(=O)C(F)(F)F,5.13076828
1ype,CHEMBL2159386,Cl.COc1ccc(CNC(=O)CCCNS(=O)(=O)c2ccc(cc2)C(=N)N)cc1OC,2.301029996
1ype,CHEMBL2159391,Cl.COc1ccc(CNC(=O)CCNS(=O)(=O)c2cccc(c2)C(=N)N)cc1OC,4.552841969
1ype,CHEMBL2159392,Cl.COc1ccc(CNC(=O)CCCNS(=O)(=O)c2cccc(c2)C(=N)N)cc1OC,4.22184875
1ype,CHEMBL2159393,NC(=[NH2+])c1cccc(c1)S(=O)(=O)NCC(=O)Nc2ccccc2.[O-]C(=O)C(F)(F)F,4.744727495
1ype,CHEMBL2159394,NC(=[NH2+])c1cccc(c1)S(=O)(=O)NCC(=O)Nc2ccc3ccccc3c2.[O-]C(=O)C(F)(F)F,5.397940009
1ype,CHEMBL2159395,NC(=[NH2+])c1cccc(c1)S(=O)(=O)NCC(=O)NC2CCCCC2.[O-]C(=O)C(F)(F)F,5.119186408
1ype,CHEMBL2159396,CC(C)NC(=O)CNS(=O)(=O)c1cccc(c1)C(=[NH2+])N.[O-]C(=O)C(F)(F)F,4.886056648
1ype,CHEMBL2159397,COc1ccc(cc1OC)S(=O)(=O)NCC(=O)Nc2cccc(c2)C(=[NH2+])N.[O-]C(=O)C(F)(F)F,4.974694135
1ype,CHEMBL369868,CN[C@H](Cc1ccccc1)C(=O)N2CCC[C@H]2C(=O)N[C@@H](CCCCN)C(=O)c3nc4ccccc4s3,7.420216403
1ype,CHEMBL102121,CN[C@H](Cc1ccccc1)C(=O)N2CCC[C@H]2C(=O)N[C@@H](CCCN=C(N)N)C(=O)c3nc4CCCCc4s3,8.468521083
1ype,CHEMBL105584,CN[C@H](Cc1ccccc1)C(=O)N2CCC[C@H]2C(=O)N[C@@H](CCCN=C(N)N)C(=O)c3oc4ccccc4n3,8.207608311
1ype,CHEMBL137945,NCCCC[C@H](NC(=O)[C@@H]1CCCN1C(=O)[C@@H](CC2CCCCC2)NCC(=O)O)C(=O)c3nccs3,8.585026652
1ype,CHEMBL175464,CN[C@H](Cc1ccccc1)C(=O)N2CCC[C@H]2C(=O)N[C@H](CCCN=C(N)N)C(=O)c3nc4ccccc4s3,7.769551079
1ype,CHEMBL256025,C[C@]12C[C@@H](Cc3ccccc3)CC(=O)N1[C@@H](CS2)C(=O)N[C@@H](CCCNC(=N)N)C(=O)c4nc5ccccc5s4,7.744727495
1ype,CHEMBL256381,CN[C@H](Cc1ccccc1)C(=O)N2CCC[C@H]2C(=O)N[C@@H](CCCNC(=N)N)C(=O)c3nc4ccccc4n3C,8.091514981
1ype,CHEMBL256591,CN[C@H](Cc1ccccc1)C(=O)N2CCC[C@H]2C(=O)N[C@@H](CCCNC(=N)N)C(=O)c3cc4ccccc4s3,5.619788758
1ype,CHEMBL257898,CCCC(CCC)C(=O)N[C@@H](CC(=O)OC)C(=O)N1CCC[C@H]1C(=O)N[C@@H](CCCNC(=N)N)C(=O)c2nc3ccccc3s2,8.853871964
1ype,CHEMBL270206,CCOC(=O)c1csc(n1)C(=O)[C@H](CCCNC(=N)N)NC(=O)[C@@H]2CCCN2C(=O)[C@@H](Cc3ccccc3)NC,8.346787486
1ype,CHEMBL270437,CN[C@H](Cc1ccccc1)C(=O)N2CCC[C@H]2C(=O)N[C@@H](CCCN=C(N)N)C(=O)c3nc4ccccc4s3,9.698970004
1ype,CHEMBL272334,CN[C@H](Cc1ccccc1)C(=O)N2CCC[C@H]2C(=O)N[C@@H](CCCNC(=N)N)C(=O)c3nc4ccc(cc4s3)C(=O)OC,8.886056648
1ype,CHEMBL273196,CN[C@H](Cc1ccccc1)C(=O)N2CCC[C@H]2C(=O)N[C@@H](CCCN=C(N)N)C=O,7.744727495
1ype,CHEMBL336048,NCCCC[C@H](NC(=O)[C@@H]1CCCN1C(=O)[C@H](N)CC2CCCCC2)C(=O)c3nccs3,8.455931956
1ype,CHEMBL341581,NCCCC[C@H](NC(=O)[C@@H]1CCCN1C(=O)[C@@H](CC2CCCCC2)NCC(=O)O)C(=O)c3occn3,9.37675071
1ype,CHEMBL342632,NCCCC[C@H](NC(=O)[C@@H]1CCCN1C(=O)CC(c2ccccc2)c3ccccc3)C(=O)c4nccs4,6.698970004
1ype,CHEMBL344916,CCS(=O)(=O)N[C@H](CC1CCCCC1)C(=O)N2CCC[C@H]2C(=O)N[C@@H](CCCCN)C(=O)c3nccs3,8.698970004
1ype,CHEMBL360684,NC(=N)NCCCC(NC(=O)C1CCCC1)C(=O)c2nc3ccccc3s2,4.910094889
1ype,CHEMBL361379,NC(=N)NCCC[C@H](NC(=O)[C@@H]1CCCN1C(=O)[C@H](CO)NS(=O)(=O)c2cccc3ccccc23)C(=O)c4nc5ccccc5s4,9.096910013
1ype,CHEMBL366625,CN[C@H](Cc1ccccc1)C(=O)N2CCC[C@H]2C(=O)N[C@@H](C[C@@H]3CCCN(C3)C(=N)N)C(=O)c4nc5ccccc5s4,8.795880017
1ype,CHEMBL366688,CN[C@H](Cc1ccccc1)C(=O)N2CCC[C@H]2C(=O)N[C@@H](Cc3cccc(c3)C(=N)N)C(=O)c4nc5ccccc5s4,9
1ype,CHEMBL402150,CC(=O)N1CCC[C@H]1C(=O)N[C@@H](CCCN=C(N)N)C(=O)c2nc3ccccc3s2,4.853871964
1ype,CHEMBL403445,CN[C@H](Cc1ccccc1)C(=O)N2CCC[C@H]2C(=O)N[C@](C)(CCCNC(=N)N)C(=O)c3nc4ccccc4s3.OC(=O)C(F)(F)F,5.431798276
1ype,CHEMBL403735,NC(=N)NCCC[C@H](NC(=O)[C@@H]1CCCN1C(=O)CC(c2ccccc2)c3ccccc3)C(=O)c4nc5ccccc5s4,8.958607315
1ype,CHEMBL403768,CN[C@H](C(c1ccccc1)c2ccccc2)C(=O)N3CCC[C@H]3C(=O)N[C@@H](CCCNC(=N)N)C(=O)c4nc5ccccc5s4,12.18708664
1ype,CHEMBL403929,CN[C@H](Cc1ccccc1)C(=O)N2CCC[C@H]2C(=O)N[C@@H](CCCNC(=N)N)C(=O)c3nc4ccc(cc4s3)C(=O)O,8.698970004
1ype,CHEMBL404042,CN[C@H](Cc1ccccc1)C(=O)N2CCC[C@H]2C(=O)N[C@@H](CCCNC(=N)N)C(=O)c3nc4ccc(F)cc4s3,9.823908741
1ype,CHEMBL404043,CN[C@H](Cc1ccccc1)C(=O)N2CCC[C@H]2C(=O)N[C@@H](CCCNC(=N)N)C(=O)c3nc4ccc(OC)cc4s3,9.853871964
1ype,CHEMBL404728,CN[C@H](Cc1ccccc1)C(=O)N2CCC[C@H]2C(=O)N[C@@H](CCCNC(=N)N)C(=O)c3ccccn3,7.070581074
1ype,CHEMBL404873,NC(=N)N1CCC[C@@H](C[C@H](NC(=O)[C@@H]2CC[C@H]3CN(CC(=O)N23)C(=O)CCc4ccccc4)C(=O)c5nc6ccccc6s5)C1,10
1ype,CHEMBL436851,CC(C)(C)CC(=O)N[C@H](Cc1ccccc1)C(=O)N2CCC[C@H]2C(=O)N[C@@H](CCCNC(=N)N)C(=O)c3oc4ccccc4n3.OC(=O)C(F)(F)F,7.167491087
1ype,CHEMBL51971,NC(=N)NS(=O)(=O)c1ccc(cc1)C(=N)N,6.522878745
1ype,CHEMBL2159365,Cl.NC(=N)c1ccc(cc1)S(=O)(=O)Nc2ccccc2,2.301029996
1ype,CHEMBL2159366,Cl.COc1ccc(NS(=O)(=O)c2ccc(cc2)C(=N)N)cc1,2.301029996
1ype,CHEMBL2159367,Cl.COc1cccc(NS(=O)(=O)c2ccc(cc2)C(=N)N)c1,2.301029996
1ype,CHEMBL2159369,Cl.NC(=N)c1ccc(cc1)S(=O)(=O)NCc2ccccc2,3.638272164
1ype,CHEMBL2159370,Cl.COc1ccc(CNS(=O)(=O)c2ccc(cc2)C(=N)N)cc1,2.301029996
1ype,CHEMBL300873,NC(=N)NNS(=O)(=O)c1ccc(N)cc1,7.040958608
1ype,CHEMBL301082,NC(=N)NNS(=O)(=O)c1ccc(Br)cc1,6.692503962
1ype,CHEMBL301750,NC(=N)NNS(=O)(=O)c1ccc(I)cc1,6.752026734
1ype,CHEMBL430592,NC(=N)NS(=O)(=O)c1ccc(c(Cl)c1)[N+](=O)[O-],6.795880017
1ype,CHEMBL50144,NC(=N)NS(=O)(=O)c1ccc(Br)cc1,6.657577319
1ype,CHEMBL50522,NC(=N)NS(=O)(=O)c1ccc(Cl)cc1,6.647817482
1ype,CHEMBL51121,NC(=N)NS(=O)(=O)c1ccccc1[N+](=O)[O-],6.494850022
1ype,CHEMBL51166,NC(=N)NS(=O)(=O)c1cccc(c1)C(=O)O,6.91721463
1ype,CHEMBL51181,COC(=N)NS(=O)(=O)c1ccc(N)cc1,6.974694135
1ype,CHEMBL51261,NC(=N)NS(=O)(=O)c1cccs1,6.732828272
1ype,CHEMBL51458,NC(=N)NNS(=O)(=O)c1ccc(cc1)C(=O)O,7.013228266
1ype,CHEMBL52275,COC(=N)NS(=O)(=O)c1ccc(cc1)C(=O)O,6.876148359
1ype,CHEMBL52802,NC(=N)NS(=O)(=O)c1c(F)c(F)c(F)c(F)c1F,6.835647144
1ype,CHEMBL52803,NC(=N)NS(=O)(=O)c1cccc(N)c1,6.970616222
1ype,CHEMBL52846,NC(=N)NS(=O)(=O)c1cccc2ccccc12,6.866461092
1ype,CHEMBL52915,NC(=N)NS(=O)(=O)c1cccc(c1)[N+](=O)[O-],6.721246399
1ype,CHEMBL53358,NC(=N)NS(=O)(=O)c1ccc(cc1)C(=O)O,6.982966661
1ype,CHEMBL53694,NC(=N)NS(=O)(=O)c1ccc(cc1)[N+](=O)[O-],6.744727495
1ype,CHEMBL53755,NC(=N)NS(=O)(=O)c1ccc(F)cc1,6.619788758
1ype,CHEMBL53812,NC(=N)NS(=O)(=O)c1ccc(I)cc1,6.677780705
1ype,CHEMBL53960,NC(=N)NS(=O)(=O)c1ccc2ccccc2c1,6.879426069
1ype,CHEMBL54241,NC(=N)NNS(=O)(=O)c1ccc(Cl)cc1,6.673664139
1ype,CHEMBL54299,NC(=N)NNS(=O)(=O)c1ccc(F)cc1,6.647817482
1ype,CHEMBL54196,COC(=N)NS(=O)(=O)c1cccc(c1)C(=O)O,6.705533774
1ype,CHEMBL298638,COC(=N)NS(=O)(=O)c1ccc(I)cc1,6.614393726
1ype,CHEMBL299607,COC(=N)NS(=O)(=O)c1ccc(c(Cl)c1)[N+](=O)[O-],6.752026734
1ype,CHEMBL299792,COC(=N)NS(=O)(=O)c1ccc(OC)cc1,6.559090918
1ype,CHEMBL299839,COC(=N)NS(=O)(=O)c1cccc2ccccc12,6.812479279
1ype,CHEMBL416115,COC(=N)NS(=O)(=O)c1ccc(C)cc1,6.484126156
1ype,CHEMBL50155,COC(=N)NS(=O)(=O)c1ccc(OC)c(N)c1,7.017728767
1ype,CHEMBL50449,COC(=N)NS(=O)(=O)c1c(Br)c(Br)c(Br)c(Br)c1C(=O)O,6.621602099
1ype,CHEMBL51044,COC(=N)NS(=O)(=O)c1ccc2ccccc2c1,6.832682665
1ype,CHEMBL51177,COC(=N)NS(=O)(=O)c1cccc(N)c1,7.004364805
1ype,CHEMBL51497,COC(=N)NS(=O)(=O)c1cccc(c1)[N+](=O)[O-],6.671620397
1ype,CHEMBL51674,NC(=N)NNS(=O)(=O)c1cccc(c1)C(=O)O,6.950781977
1ype,CHEMBL51997,COC(=N)NS(=O)(=O)c1ccc(Cl)cc1,6.575118363
1ype,CHEMBL52161,COC(=N)NS(=O)(=O)c1ccc(cc1)[N+](=O)[O-],6.723538196
1ype,CHEMBL53243,COC(=N)NS(=O)(=O)c1cccs1,6.671620397
