2ojg,CHEMBL10,C[S+]([O-])c1ccc(-c2nc(-c3ccc(F)cc3)c(-c3ccncc3)[nH]2)cc1,4.1
2ojg,CHEMBL105739,Cc1cc(C)c(C=C2C(=O)Nc3ccccc32)[nH]1,4.1
2ojg,CHEMBL1090356,O=C(Cc1ccccc1)Nc1cccc(-c2nc3sccn3c2-c2ccnc(Nc3ccc(N4CCOCC4)cc3)n2)c1,4.1
2ojg,CHEMBL1090360,O=C(Cc1ccccc1)Nc1cccc(-c2nc3sccn3c2-c2ccnc(Nc3cccc(N4CCOCC4)c3)n2)c1,4.1
2ojg,CHEMBL116070,NC(=O)c1cc2c(Oc3ccc(Br)cc3)cncc2s1,4.1
2ojg,CHEMBL1190711,COc1ccc(-c2cc3nccn3c(Nc3ncccc3C(N)=O)n2)cc1OC,5.5
2ojg,CHEMBL1241473,COc1cc(Nc2ncc([N+](=O)[O-])c(Nc3ccccc3C(N)=O)n2)cc(OC)c1OC,6.9
2ojg,CHEMBL1242373,Cc1cccc(NC(=O)Nc2ccc3c(c2)CCc2sc4ncnc(N)c4c2-3)c1,4.1
2ojg,CHEMBL1375418,Cc1ccc(CNc2ccc3nnc(-c4ccccc4)n3n2)cc1,4.1
2ojg,CHEMBL1381197,Clc1ccc(CNc2ccc3nnc(-c4ccccc4)n3n2)cc1,4.1
2ojg,CHEMBL1461728,O=C(Nc1ccc2[nH]ncc2c1)c1cccc(F)c1,4.1
2ojg,CHEMBL1516890,Cn1cc(C=C2C(=O)Nc3cccnc32)c2ccccc21,4.1
2ojg,CHEMBL1522508,COc1cccc(Nc2ncnc3ccccc23)c1,4.1
2ojg,CHEMBL1605605,CC(N)C1CCC(C(=O)Nc2ccncc2)CC1,4.1
2ojg,CHEMBL1614705,O=C(CO)N1CCC(c2[nH]nc(-c3ccc(Cl)cc3F)c2-c2ccncn2)CC1,4.1
2ojg,CHEMBL1682341,c1ccc(Cc2cn(-c3ccc4[nH]ncc4c3)nn2)cc1,6.5
2ojg,CHEMBL1682345,c1ccc(Cn2cc(-c3ccc4[nH]ncc4c3)nn2)cc1,7
2ojg,CHEMBL1682346,Nc1n[nH]c2ccc(-c3cn(Cc4ccccc4)nn3)cc12,5.9
2ojg,CHEMBL1682357,c1ccc(Cc2cc(-c3ccc4[nH]ncc4c3)on2)cc1,5.9
2ojg,CHEMBL1682359,CCCc1cc(-c2ccc3[nH]ncc3c2)on1,4.1
2ojg,CHEMBL1682360,c1cc2[nH]ncc2cc1-c1cc(CN2CCCCC2)no1,4.1
2ojg,CHEMBL1682540,c1cnc2nc(-c3ccc4[nH]ncc4c3)cn2c1,4.1
2ojg,CHEMBL1682545,c1ccc(Nc2nc(-c3ccc4[nH]ncc4c3)cs2)cc1,4.1
2ojg,CHEMBL1682546,c1ccc(CNc2nc(-c3ccc4[nH]ncc4c3)cs2)cc1,5.7
2ojg,CHEMBL1682552,c1cnc2nc(-c3ccc4[nH]ncc4c3)c(NC3CCCCC3)n2c1,5.3
2ojg,CHEMBL1682553,CC(C)Nc1c(-c2ccc3[nH]ncc3c2)nc2ncccn12,5.7
2ojg,CHEMBL1682558,Fc1ccc(-c2ncn(CCN3CCOCC3)c2-c2ccc3[nH]ncc3c2)cc1,4.1
2ojg,CHEMBL1727312,O=C1Nc2ccccc2Nc2ccccc21,4.1
2ojg,CHEMBL1807515,NC1CCC(Nc2nccc(-c3c[nH]c4ncccc34)n2)CC1,5.8
2ojg,CHEMBL183844,Cc1cccc(NC(=O)Nc2ccc(-c3cccc4c3CNC4=O)cc2C)c1,4.1
2ojg,CHEMBL184847,Cc1ccc(NC(=O)Nc2ccc(-c3cccc4c3CNC4=O)cc2)cc1C,4.1
2ojg,CHEMBL185569,Cc1cccc(NC(=O)Nc2ccc(-c3cccc4c3CNC4=O)cc2)c1,4.1
2ojg,CHEMBL1958401,O=c1cc(-c2ccncc2)nc(NC2CCCCC2)[nH]1,5.1
2ojg,CHEMBL196363,Cc1cccc(NC(=O)Nc2ccc(-c3csc4ncnc(N)c34)cc2)c1,4.1
2ojg,CHEMBL1964290,Cc1cccc(-c2[nH]c(-c3ccnc(N)n3)cc2C(N)=O)c1C,6.4
2ojg,CHEMBL1964307,Cc1cccc(NC(=O)Cc2ccc(-c3cccc4[nH]nc(N)c34)cc2)c1,4.1
2ojg,CHEMBL1964399,COc1ccc(Nc2nccc(Nc3c(NC(C)C(C)(C)C)c(=O)c3=O)n2)cc1OC,6.7
2ojg,CHEMBL1964413,FC(F)(F)c1ccc(Cn2cc(-c3ccc4[nH]ncc4c3)nn2)c(C(F)(F)F)c1,5.8
2ojg,CHEMBL1964444,Cc1ccc2nccc(NC(=O)Nc3cccc(C(F)(F)F)n3)c2c1,4.1
2ojg,CHEMBL1964644,O=C(NCc1ccccc1)Nc1ncc([N+](=O)[O-])s1,4.1
2ojg,CHEMBL1964687,Cc1cc(C)cc(NC(=O)Nc2ccc3c(c2)CCc2sc4ncnc(N)c4c2-3)c1,4.1
2ojg,CHEMBL1964692,Cn1nc(N)c2c(-c3ccc(NC(=O)Nc4cccc(C(F)(F)F)c4)cc3)cncc21,4.1
2ojg,CHEMBL1964777,NC(=O)c1cc2c(Oc3cccc(F)c3)cncc2s1,4.1
2ojg,CHEMBL1964804,CS(=O)(=O)NCCOc1cncc(-c2ccc3cnccc3c2)c1,4.1
2ojg,CHEMBL1964937,O=C(NC(CO)c1ccccc1)N1CC=C(c2c[nH]c3ncccc23)CC1,6.2
2ojg,CHEMBL1965131,Cc1ccc(C(=O)Nc2c(C(N)=O)sc3ccc(Cl)c(Cl)c23)cc1,4.1
2ojg,CHEMBL1965423,CC(C)Cn1c(N)nc2ccc(-c3c(-c4ccc(F)cc4)nc4sccn34)cc21,4.1
2ojg,CHEMBL1965495,Cc1n[nH]c2ncc(C#N)c(-c3ccccc3)c12,4.1
2ojg,CHEMBL1965507,Cc1cccc(NC(=O)Nc2ccc(NC(=O)c3csc4ncnc(N)c34)cc2)c1,4.1
2ojg,CHEMBL1965570,Nc1ncc(-c2ccoc2)c2scc(-c3ccc(NC(=O)Nc4ccccc4F)cc3)c12,4.1
2ojg,CHEMBL1965589,Cc1nccn2c(-c3ccnc(NCC4(O)CC4)n3)c(-c3ccc(F)cc3F)nc12,4.1
2ojg,CHEMBL1965631,CN(C)CC(=O)Nc1n[nH]c2ccc(-c3cn(Cc4ccccc4)nn3)cc12,6.8
2ojg,CHEMBL1965660,NC(=O)c1cc(-c2ccnc(N)n2)[nH]c1-c1ccc(Cl)cc1Cl,7.5
2ojg,CHEMBL1965845,COc1cccc(C(C)NC(=O)N2CC=C(c3c[nH]c4ncccc34)CC2)c1,6.7
2ojg,CHEMBL1965910,Nc1ncnc2c1c(-c1cccc(OCc3ccccc3)c1)cn2C1CCC(N2CCCC2)CC1,4.1
2ojg,CHEMBL1965988,Cc1cccc(NC(=O)Nc2ccc(-c3csc4c(C#CCN)cnc(N)c34)cc2)c1,4.1
2ojg,CHEMBL1966035,CC(Nc1c(Nc2ccncc2)c(=O)c1=O)c1ccccc1,4.1
2ojg,CHEMBL1966087,C(=Cc1cncc(OC2CCNC2)c1)c1ccncc1,4.1
2ojg,CHEMBL1966279,NCCCNS(=O)(=O)c1cccc(C(=O)Nc2ccc(-c3n[nH]c(=O)c4ccccc34)cc2)c1,4.1
2ojg,CHEMBL1966343,CC(C)Cc1cc(-c2ccc3[nH]nc(N)c3c2)on1,5.5
2ojg,CHEMBL1966425,CN(C)CCCOc1cc2c(c(-c3ccc(Nc4nc5ccccc5o4)cc3)c1)CNC2=O,4.1
2ojg,CHEMBL1966514,Nc1ncc(-c2ccoc2)c2scc(-c3ccc(NC(=O)Nc4cccc(F)c4)cc3)c12,4.1
2ojg,CHEMBL1966816,O=C(Nc1cccc(C(F)(F)F)n1)Nc1ccnc2c(F)cccc12,4.1
2ojg,CHEMBL1967094,O=C(NCc1ccc(Cl)cc1)c1cc2c(-c3ccccc3)n[nH]c2s1,6.8
2ojg,CHEMBL1967116,Cc1cccc(NC(=O)Nc2ccc(-c3csc4c(-c5cnn(C)c5)cnc(N)c34)cc2)c1,4.1
2ojg,CHEMBL1967531,Nc1ncnc2scc(-c3ccc(NC(=O)Nc4ccccc4)cc3)c12,4.1
2ojg,CHEMBL1967544,CN(C)c1cccc2c(S(=O)(=O)N(CCN)c3cncc(-c4ccc5cnccc5c4)c3)cccc12,5.1
2ojg,CHEMBL1967564,CCCC(=O)Nc1n[nH]c2nc3ccccc3cc12,4.1
2ojg,CHEMBL1967720,CC(C)(C(N)=O)n1cc(-c2cnc(N)c3c(-c4ccc(NC(=O)Nc5cccc(F)c5)cc4)csc23)cn1,4.1
2ojg,CHEMBL1967887,Cc1n[nH]c2ccc(-c3cncc(OCCN)c3)cc12,5.5
2ojg,CHEMBL1968070,NC(=O)c1cccc2c1Nc1nnc(Cl)cc1C(=O)N2,4.1
2ojg,CHEMBL1968127,CN(C)CC(C)(C)CNc1nccc(-c2c(-c3ccc(F)cc3)nc3occn23)n1,4.1
2ojg,CHEMBL1968245,NC(COc1cc(C=Cc2ccncc2)cnc1Cl)Cc1c[nH]c2ccccc12,4.1
2ojg,CHEMBL1968380,CCC1C(=O)N(C)c2cnc(Nc3ccc(C(=O)NC4CCN(C)CC4)cc3OC)nc2N1C1CCCC1,4.1
2ojg,CHEMBL1968406,CCc1cccc(NC(=O)Nc2ccc3c(c2)CCc2sc4ncnc(N)c4c2-3)c1,4.1
2ojg,CHEMBL1968590,CNC(=O)C=Cc1cnc(N)c2c(-c3ccc4sc(C)nc4c3)csc12,4.1
2ojg,CHEMBL1968705,CCCC(=O)Nc1cccc(-c2nc(Nc3ccc4[nH]ncc4c3)c3cc(OCCN4CCCC4)ccc3n2)c1,4.1
2ojg,CHEMBL1968791,Cc1c(-c2cccc(OCc3ccccc3)c2)c2c(N)ncnc2n1C1CC(CN2CCCC2)C1,4.1
2ojg,CHEMBL1968850,O=C1Nc2ccccc2Nc2nnc(Cl)cc21,4.1
2ojg,CHEMBL1968926,c1ccc(CSc2nc(-c3ccncc3)n[nH]2)cc1,4.1
2ojg,CHEMBL1969049,COc1cccc(C(C)NC(=O)c2ccc(-c3ccncc3)c(C)c2)c1,6.2
2ojg,CHEMBL1969102,Cc1cccc(NC(=O)Nc2ccc(-c3csc4c(-c5cn[nH]c5)cnc(N)c34)cc2)c1,4.1
2ojg,CHEMBL1969126,CC(C)n1nnc2ccc(-c3c(-c4ccc(F)cc4F)nc4occn34)cc21,4.1
2ojg,CHEMBL1969190,COc1ccc(-c2ccc(NC(=O)Nc3cc(F)cc(F)c3)cc2)c2c(N)noc12,4.1
2ojg,CHEMBL1969264,CC(C)(C)NC(=O)c1ccc2nc3[nH]c4ccccc4c3nc2c1,4.1
2ojg,CHEMBL1969372,COCCNc1nccc(-c2c(-c3ccc(F)cc3)nc3cnccn23)n1,4.2
2ojg,CHEMBL1969502,O=C(Nc1cc2[nH]cc3cn[nH]c(=O)c(c1)c32)C1CC1c1ccccc1,6.6
2ojg,CHEMBL1969506,CC(C)(C)OC(=O)n1ncc2cc(Nc3c(NCc4ccc(S(N)(=O)=O)cc4)c(=O)c3=O)ccc21,4.1
2ojg,CHEMBL1969523,Cc1cccc(Nc2nccc(Nc3c(NC(C)C(C)(C)C)c(=O)c3=O)n2)c1,6.4
2ojg,CHEMBL1969588,Clc1cc(-c2c[nH]c3ncccc23)cc(NCc2ccccc2)n1,6.2
2ojg,CHEMBL1969735,CC(C)(CO)CNc1nccc(-c2c(-c3ccc(F)cc3)nc3c(Cl)nccn23)n1,4.1
2ojg,CHEMBL1969755,O=C(NC(CO)Cc1ccccc1)c1ccc(-c2ccncc2)cc1F,5.8
2ojg,CHEMBL1969843,c1cc2[nH]ncc2cc1-c1cn(CC2CCOCC2)nn1,5.1
2ojg,CHEMBL1970074,Cc1n[nH]c2cccc(-c3ccc(NC(=O)Nc4cccc(C(F)(F)F)c4)cc3)c12,4.1
2ojg,CHEMBL1970083,Nc1ncc(-c2ccncc2)c2scc(-c3ccc(NC(=O)Nc4cc(C(F)(F)F)ccc4F)cc3)c12,4.1
2ojg,CHEMBL1970104,CC(C)(C)c1ccc2nc(-c3n[nH]c4ccccc34)[nH]c2c1,4.1
2ojg,CHEMBL1970142,CNC(=O)C(C)n1cc(-c2cnc(N)c3c(-c4ccc(NC(=O)Nc5ccc(C)cc5)cc4)csc23)cn1,4.1
2ojg,CHEMBL1970189,Cc1n[nH]c2c1C(c1ccccc1Cl)C(C#N)=C(N)O2,4.1
2ojg,CHEMBL1970203,Cc1cc(C)cc(NC(=O)Nc2ccc(NC(=O)c3csc4ncnc(N)c34)cc2)c1,4.1
2ojg,CHEMBL1970217,COc1cccc(C(C)NC(=O)c2ccc(-c3ccncc3C)cc2)c1,6.6
2ojg,CHEMBL1970314,NC(=O)c1cc(-c2cccc(N)c2)cc2cccnc12,4.1
2ojg,CHEMBL1970317,Cn1cc(-c2cnc(N)c3c(-c4ccc(NC(=O)Nc5cccc(F)c5)cc4)csc23)cn1,4.1
2ojg,CHEMBL1970340,Nc1noc2cccc(-c3cccc(O)c3)c12,4.1
2ojg,CHEMBL1970369,NC(=O)C1CCCN(C(=O)c2cc(-c3ccc4[nH]ncc4c3)on2)C1,4.1
2ojg,CHEMBL1970522,COc1cc(C=C2SC(=Nc3ccccc3)NC2=O)ccc1O,4.1
2ojg,CHEMBL1970709,O=C(NCc1ccc(Br)cc1)Nc1ccc2[nH]ncc2c1,4.1
2ojg,CHEMBL1970735,CCCOc1nc(NC(C)=O)cc(N)c1C#N,4.1
2ojg,CHEMBL1970879,COc1cc(-c2nn(C3CCC(N4CCN(C(C)=O)CC4)CC3)c3ncnc(N)c23)ccc1NC(=O)c1cc2ccccc2n1C,5.4
2ojg,CHEMBL1970913,CCCC(=O)Nc1nn(C(=O)CC)c2nc3ccccc3cc12,4.1
2ojg,CHEMBL1971017,NC(=O)c1cc2c(-c3cccc(F)c3)cncc2s1,5.3
2ojg,CHEMBL1971021,Cc1cc(C)cc(NC(=O)Nc2ccc(-c3cccc4c3CNC4=O)c(C(F)(F)F)c2)c1,4.1
2ojg,CHEMBL1971029,CNS(=O)(=O)c1ccccc1Nc1nc(Nc2cc(N3CCN(C(C)=O)CC3)ccc2OC)ncc1Br,6.9
2ojg,CHEMBL1971141,Cc1cccc(NC(=O)Nc2ccc(-c3cccc(C(N)=O)c3)cc2)c1,4.1
2ojg,CHEMBL1971149,Cc1nccn2c(-c3ccnc(NCC(C)(C)C(=O)O)n3)c(-c3ccc(F)cc3F)nc12,4.1
2ojg,CHEMBL1971186,Fc1ccc(-c2nc3occn3c2-c2ccnc(NC3CCNCC3)n2)cc1,5.9
2ojg,CHEMBL1971245,CN1CCN(c2cccc(Nc3nccc(-c4c(C(N)=O)nc5ccccn45)n3)c2)CC1,4.1
2ojg,CHEMBL1971430,Cc1cccc(-c2c(-c3ccncc3)nc(NCC(N)Cc3ccccc3)n(C)c2=O)c1,4.1
2ojg,CHEMBL1971649,Cc1ccc(F)c(NC(=O)Nc2ccc(-c3ccc4nccnc4c3N)cc2)c1,4.1
2ojg,CHEMBL1971801,O=C1Nc2ccccc2Nc2nnccc21,4.1
2ojg,CHEMBL1971943,Cc1c[nH]c2nccc(Oc3c(F)cc(Nc4cc(Cl)nc(N)n4)cc3F)c12,4.1
2ojg,CHEMBL1971947,Cc1cccc(NC(=O)Nc2ccc(-c3csc4c(C#Cc5cccnc5)cnc(N)c34)cc2)c1,4.1
2ojg,CHEMBL1972119,O=C(Nc1cccc(N2CCOCC2)n1)Nc1ccnc2c(C(F)(F)F)cccc12,4.1
2ojg,CHEMBL1972125,Nc1ccc(-c2cncc(OCC(N)Cc3c[nH]c4ccccc34)c2)cc1C(=O)c1ccccc1,4.1
2ojg,CHEMBL1972142,O=C(NCc1ccccc1)c1cccc(-c2cnc3[nH]ccc3c2)c1,4.1
2ojg,CHEMBL1972158,Nc1n[nH]c2ccc(-c3nnn(Cc4ccccc4)c3-c3ccccc3)cc12,7
2ojg,CHEMBL1972183,CN1CCCC1COc1cncc(CCc2ccccc2)c1,4.1
2ojg,CHEMBL1972221,CCCS(=O)(=O)Nc1ccc(-c2ccc3[nH]nc(NC(=O)CC)c3c2)cc1,5.7
2ojg,CHEMBL1972258,NCCCOc1cncc(C=Cc2ccncc2)c1,4.1
2ojg,CHEMBL1972276,CCN(CC)CCCNc1cccc(-c2nc3c(C(N)=O)cccc3[nH]2)n1,4.1
2ojg,CHEMBL1972362,CS(=O)(=O)c1ccc(-c2cncc3sc(C(N)=O)cc23)cc1,4.1
2ojg,CHEMBL1972489,O=C(Nc1ccc2cn[nH]c2c1)c1ccc(Cl)cc1,4.1
2ojg,CHEMBL1972568,COc1cncc(C=Cc2ccncc2)c1,4.1
2ojg,CHEMBL1972576,Cc1ccc(NC(=O)Nc2ccc(NC(=O)c3csc4ncnc(N)c34)cc2)cc1,4.1
2ojg,CHEMBL1972584,CC(=O)N1CCN(C2CCC(n3nc(-c4ccc(NC(=O)c5cc6ccccc6n5C)cc4)c4c(N)ncnc43)CC2)CC1,4.1
2ojg,CHEMBL1972840,NC(COc1cncc(-c2cc3cnccc3s2)c1)Cc1c[nH]c2ccccc12,5.8
2ojg,CHEMBL1972937,COc1cccc(C=C2SC(=Nc3ccccc3)NC2=O)c1,4.1
2ojg,CHEMBL1973142,CC(=O)Nc1c(C(N)=O)sc2ccc(Cl)c(Cl)c12,4.1
2ojg,CHEMBL1973145,Cc1cccc(NC(=O)Nc2ccc(-c3csc4nc(N)nc(N)c34)cc2)c1,4.1
2ojg,CHEMBL1973211,Cc1cccc(NC(=O)Nc2ccc(-c3csc4c(C#CCN5CCCC5)cnc(N)c34)cc2)c1,4.1
2ojg,CHEMBL1973395,OC1CCN(c2ncnc3[nH]cc(-c4ccccc4)c23)CC1,5.3
2ojg,CHEMBL1973483,O=C(Nc1cccc(C(F)(F)F)n1)Nc1ccnc2cc(C(F)(F)F)ccc12,4.1
2ojg,CHEMBL1973711,N#Cc1c(O)[nH]c(=O)c2c(=N)oc3ccc(Cl)cc3c12,4.1
2ojg,CHEMBL1973808,O=C(Nc1ccc2[nH]ncc2c1)c1ccc(Cl)cc1,4.1
2ojg,CHEMBL1973860,OCCNc1cc2cc(-c3ccsc3)ccc2cn1,4.1
2ojg,CHEMBL1973893,CCCS(=O)(=O)Nc1ccc(-c2ccc3[nH]nc(NC(C)=O)c3c2)cc1,4.1
2ojg,CHEMBL1973937,Cc1ccc(-c2ccc(NC(=O)Nc3cccc(Br)c3)cc2)c2c(N)n[nH]c12,4.1
2ojg,CHEMBL1974254,CCOc1ccc(NC(=O)Nc2ccc(-c3csc4c(-c5cnn(C)c5)cnc(N)c34)cc2)cc1,4.1
2ojg,CHEMBL1974288,O=C(NC(CO)c1ccccc1)c1ccc(-c2ccncc2)cc1,6.6
2ojg,CHEMBL1974310,NC(=O)c1cc2c(-c3ccc(F)cc3)cncc2s1,5.1
2ojg,CHEMBL1974328,Cc1cccc(Nc2nc(NC3CCCCC3N)cnc2C(N)=O)c1,5.9
2ojg,CHEMBL1974457,O=C(O)c1cc2c(-c3cccc(F)c3)cncc2s1,4.1
2ojg,CHEMBL1974702,Cc1nc2c(sc3c(Br)ccc(Cl)c32)c(=O)o1,4.1
2ojg,CHEMBL1975233,COc1cc(C)c(Cl)cc1NC(=O)Nc1cnc(C#N)cn1,4.1
2ojg,CHEMBL1975418,c1ccc(Cn2nnc(-c3ccc4[nH]ncc4c3)c2C2CC2)cc1,6.9
2ojg,CHEMBL1975490,NCCCOc1cc2c(c(-c3ccc(Nc4nc5ccccc5o4)cc3)c1)CNC2=O,4.1
2ojg,CHEMBL1975500,COc1cc(-c2ccc3c(c2)Nc2ccc(C(=O)NCCNC(C)=O)cc2NC3=O)ccc1O,4.1
2ojg,CHEMBL1975534,NCC(O)C(O)Cn1cc(I)c2c(N)ncnc21,4.1
2ojg,CHEMBL1975647,O=C(Nc1cnccn1)Nc1ccnc2c(F)cccc12,5.2
2ojg,CHEMBL1975787,NC(=O)c1cc2c(-c3ccc(F)cc3F)cncc2s1,4.2
2ojg,CHEMBL1975900,O=c1c(NCc2ccc(Cl)c(Cl)c2)c(Nc2ccncc2)c1=O,5.2
2ojg,CHEMBL1976090,Nc1ncnc2c1sc1ncnc(N)c12,4.1
2ojg,CHEMBL1976093,CN(C)CC(C)(C)CNc1nccc(-c2c(-c3ccc(F)cc3)nc3cnccn23)n1,4.1
2ojg,CHEMBL1976134,c1cc2cc(-c3ccc4cn[nH]c4c3)cnc2[nH]1,5.3
2ojg,CHEMBL1976240,COc1cccc(C(CN)NC(=O)c2ccc(-c3ccncc3)cc2)c1,5.8
2ojg,CHEMBL1976328,Cc1cc(C)cc(NC(=O)Nc2ccc(-c3cccc4snc(N)c34)cc2)c1,4.1
2ojg,CHEMBL1976455,O=C(Nc1cnccn1)Nc1ccnc2ccc(C(F)(F)F)cc12,4.1
2ojg,CHEMBL1976732,CC(C)(O)Cc1nnc2ccc(-c3c(-c4ccc(F)cc4F)nc4occn34)nn12,4.1
2ojg,CHEMBL1977041,COC(=O)c1c(-c2ccc(NC(=O)Nc3ccccc3)cc2)c2c(N)ncnn2c1C,4.1
2ojg,CHEMBL1977135,O=C(NCc1ccccc1)c1ccc(-c2ccncc2)cc1,5.9
2ojg,CHEMBL1977148,COc1ccc(NC(=O)Nc2ccc(-c3csc4c(-c5cnn(CCO)c5)cnc(N)c34)cc2)cc1,4.1
2ojg,CHEMBL1977223,CCCC(=O)Nc1n[nH]c2ccc(-c3cn(Cc4ccccc4)nn3)cc12,7.9
2ojg,CHEMBL1977346,O=C1Nc2ccccc2Nc2nnc(I)cc21,4.1
2ojg,CHEMBL1977374,CC(C)c1nnc2ccc(-c3c(-c4ccc(F)cc4F)nc4n3CCC4)nn12,4.1
2ojg,CHEMBL1977681,CNC(=O)c1cc2c(-c3ccccc3F)n[nH]c2s1,5.3
2ojg,CHEMBL1977713,O=C(NCc1ccc(Cl)cc1)Nc1cccc2[nH]ncc12,4.1
2ojg,CHEMBL1978014,CN1CCC(C(=O)n2nc(N)c3cc(-c4cn(Cc5ccccc5)nn4)ccc32)CC1,5.1
2ojg,CHEMBL1978099,CNC(=O)COc1ccc(Nc2nc(Nc3ccc(C)c(S(N)(=O)=O)c3)ncc2F)cc1,4.1
2ojg,CHEMBL1978200,Cc1nccn2c(-c3ccnc(NCCC(C)(C)O)n3)c(-c3ccc(F)cc3F)nc12,4.1
2ojg,CHEMBL1978656,Cc1c(O)cccc1NC(=O)c1cnn2c(-c3ccccc3)ccnc12,4.1
2ojg,CHEMBL1979057,O=C1NCc2c1cccc2-c1ccc(Nc2nc3ccccc3[nH]2)cc1,4.1
2ojg,CHEMBL1979093,COc1ccc(-c2ccc(NC(=O)Nc3ccc(F)c(C)c3)cc2)c2c(N)noc12,4.1
2ojg,CHEMBL1979176,COc1ccc2c(NC(=O)Nc3cc(C(F)(F)F)ccn3)ccnc2c1,4.1
2ojg,CHEMBL1979252,O=c1c(NCc2cccc(C(F)(F)F)c2)c(Nc2ccncc2)c1=O,4.1
2ojg,CHEMBL1979318,Cc1n[nH]c2c1C(c1ccccc1I)C(C#N)=C(N)O2,4.1
2ojg,CHEMBL1979357,Cn1cc(C(CN)c2cncc(C=Cc3ccncc3)c2)c2ccccc21,4.1
2ojg,CHEMBL1979516,CCNC(=O)c1cnc(N)c2c(-c3ccc(NC(=O)Nc4cccc(F)c4)cc3)csc12,4.1
2ojg,CHEMBL1979554,O=c1c(NCc2ccc(Cl)cc2Cl)c(Nc2ccc3[nH]ncc3c2)c1=O,4.1
2ojg,CHEMBL1979577,Cc1cccc(NC(=O)Nc2ccc(-c3csc4c(C#CC(C)(C)N)cnc(N)c34)cc2)c1,4.1
2ojg,CHEMBL1979718,Cc1c(C)n(Cc2ccccc2)c2ccc(C(=O)Nc3nc[nH]n3)cc12,4.1
2ojg,CHEMBL1979855,CC(C)(C)c1cc(NC(=O)Nc2cccc3ccccc23)n(-c2cccc(C(=O)NCC#N)c2)n1,4.1
2ojg,CHEMBL1979883,Cc1cccc(NC(=O)Nc2ccc(-c3csc4c(C#CCN(C)C)cnc(N)c34)cc2)c1,4.1
2ojg,CHEMBL1979970,CCCC(=O)Nc1n[nH]c2nnc(-c3cccc(F)c3F)cc12,5.2
2ojg,CHEMBL1980142,O=C(Nc1cccc(C(F)(F)F)n1)Nc1ccnc2c(C(F)(F)F)cccc12,4.1
2ojg,CHEMBL1980144,Cc1ccccc1NC(=O)Nc1ccc(NC(=O)c2csc3ncnc(N)c23)cc1,4.1
2ojg,CHEMBL1980163,c1ccc(COc2ccc(Nc3ncnc4ccccc34)cc2)cc1,4.1
2ojg,CHEMBL1980489,O=c1c(NCc2ccc(Cl)cc2)c(Nc2ccncc2)c1=O,4.1
2ojg,CHEMBL1980540,O=C(Nc1cccc(C(F)(F)F)n1)Nc1ccnc2c(Cl)cccc12,4.1
2ojg,CHEMBL1980896,Nc1ncnc2sc(Br)c(-c3ccc(NC(=O)Cc4cccc(Cl)c4)cc3)c12,4.2
2ojg,CHEMBL1981045,COc1cc(-c2ccc3c(c2)Nc2ccc(CCOc4ccc(N5CCOCC5)cc4)cc2NC3=O)ccc1OCC(O)CO,4.1
2ojg,CHEMBL1981079,NC(=O)c1cc(-c2ccnc(N)n2)[nH]c1-c1ccc(Cl)cc1F,6.8
2ojg,CHEMBL1981410,CNc1ncnc2c1N=C(c1ccc(NC(=O)Nc3cccc(C(F)(F)F)c3)cc1)CCN2,4.1
2ojg,CHEMBL1981725,CCN1CCN(c2ccc(Nc3nccc(-c4c(-c5cccc(C(=O)Nc6ccccc6F)c5)nc5ccccn45)n3)cc2)CC1,4.1
2ojg,CHEMBL1981782,O=C(NCc1ccc(Cl)c(Cl)c1)Nc1ccc2[nH]ncc2c1,6.5
2ojg,CHEMBL1982122,OCCC(Nc1nc2ccc(-c3ccncc3)cc2s1)c1ccccc1,5.2
2ojg,CHEMBL1982135,Cc1ccccc1NC(=O)Nc1ccc2c(c1)CCc1sc3ncnc(N)c3c1-2,4.1
2ojg,CHEMBL1982167,COc1ccc(OC)c(NC(=O)c2cnn3c(-c4ccccc4)ccnc23)c1,4.1
2ojg,CHEMBL1982361,O=c1c(NCc2ccccc2F)c(Nc2ccncc2)c1=O,4.1
2ojg,CHEMBL1982465,Cc1cccc(NC(=O)Nc2ccc(-c3csc4c(C#CCN5CCOCC5)cnc(N)c34)cc2)c1,4.1
2ojg,CHEMBL1982466,Cc1ccc(NC(=O)Nc2ccc(-c3csc4c(-c5cnn(C)c5)cnc(N)c34)cc2)cc1,4.1
2ojg,CHEMBL1982476,CNC(=O)c1cnc(N)c2c(-c3ccc(NC(=O)Nc4cccc(Cl)c4)cc3)csc12,4.1
2ojg,CHEMBL1982563,COCC(C)(C)CNc1nccc(-c2c(-c3ccc(F)cc3)nc3c(C)nccn23)n1,4.1
2ojg,CHEMBL1982660,COc1ccc2c(NC(=O)Nc3cccc(C(F)(F)F)n3)ccnc2c1,4.1
2ojg,CHEMBL1982711,NC(=O)c1ccc(-c2c[nH]c3nccc(Cl)c23)cc1,4.1
2ojg,CHEMBL1982866,COCCn1cc(-c2ccncn2)c(-c2ccc(Cl)cc2)n1,4.1
2ojg,CHEMBL1982874,Nc1nc2ccc(-c3c(-c4ccc(F)cc4)nc4sccn34)cc2n1CC1CC1,4.1
2ojg,CHEMBL1982880,COc1ccc(OC)c(Nc2ccc3nnc(-c4ccccc4)n3n2)c1,4.1
2ojg,CHEMBL1982924,COc1cccc(C(=O)Nc2cnc3[nH]cc(-c4ccccc4)c3c2)c1,4.1
2ojg,CHEMBL1982957,NC(=O)c1cccc(-c2cnc3[nH]cc(-c4ccccc4)c3c2)c1,5.7
2ojg,CHEMBL1982992,Oc1cccc(Nc2ncnc3scc(Cl)c23)c1,4.1
2ojg,CHEMBL1983006,COc1cc(C(=O)O)c(Cl)cc1NC(=O)Nc1cnc(C#N)cn1,4.1
2ojg,CHEMBL1983025,CCC(N)(C#Cc1cnc(N)c2c(-c3ccc(NC(=O)Nc4cccc(C)c4)cc3)csc12)CC,4.1
2ojg,CHEMBL1983309,COc1ccc(C(=O)Nc2nc3ccc(Cl)cc3s2)c(OC)c1,4.1
2ojg,CHEMBL1983449,Cc1ccc(CNc2c(Nc3ccncc3)c(=O)c2=O)cc1C,4.1
2ojg,CHEMBL1983534,c1ccc(CNc2nc3ccc(-c4ccncc4)cc3s2)cc1,4.1
2ojg,CHEMBL1983963,Cc1cccc(NC(=O)Nc2ccc(-c3coc4ncnc(N)c34)cc2)c1,4.1
2ojg,CHEMBL1984044,CCN(CC)CCOc1ccc(-c2nc3c(C(N)=O)cccc3[nH]2)cc1,4.1
2ojg,CHEMBL1984191,Clc1ccc(-c2n[nH]cc2-c2ccncn2)cc1Cl,4.1
2ojg,CHEMBL1984206,CCOc1nc(C(=O)NCc2ccncc2)cc(N)c1C#N,5.7
2ojg,CHEMBL1984363,Cc1cc(NC(=O)Cc2ccc(-c3cccc4[nH]nc(N)c34)cc2)ccc1F,4.1
2ojg,CHEMBL1984367,CN(C)c1ccc(CNC(=O)c2cc3c(-c4ccccc4)n[nH]c3s2)cc1,5.3
2ojg,CHEMBL1984432,Cc1ccc(Cn2cc(-c3ccc4[nH]ncc4c3)nn2)c(C)c1,6.2
2ojg,CHEMBL1984586,Cc1ccccc1NC(=O)Nc1ccc(-c2coc3ncnc(N)c23)cc1,4.1
2ojg,CHEMBL1984633,COc1cccc(C(C)NC(=O)c2cnc(-c3ccncc3)s2)c1,6.1
2ojg,CHEMBL1984700,CC(C)Oc1nccn2c(-c3ccnc(NCC(C)(C)O)n3)c(-c3ccc(F)cc3F)nc12,4.2
2ojg,CHEMBL1984711,COc1cc(Nc2nccc(Nc3cc(C4CCCCC4)no3)n2)cc(OC)c1OC,4.1
2ojg,CHEMBL1984788,NC(=O)c1cc(Cl)cc2[nH]c(-c3ccc(C4CCCNC4)cc3F)nc12,4.1
2ojg,CHEMBL1984842,CC(C)COc1nccn2c(-c3ccnc(NCC(C)(C)CO)n3)c(-c3ccc(F)cc3)nc12,5.2
2ojg,CHEMBL1985311,Nc1n[nH]c2cccc(-c3ccc(NC(=O)Nc4cc(CO)ccc4F)cc3)c12,4.1
2ojg,CHEMBL1985406,CCCC(=O)Nc1n[nH]c2ccc(-c3cccc(F)c3F)cc12,4.1
2ojg,CHEMBL1985566,COc1cc(-c2ccc3c(c2)Nc2ccc(CCOc4ccc(N5CCOCC5)cc4)cc2NC3=O)ccc1CC#N,4.1
2ojg,CHEMBL1986139,Clc1csc2ncnc(Nc3ccccc3)c12,4.1
2ojg,CHEMBL1986263,CCn1c(C)c(-c2ccnc(Nc3cccc(OC)c3)n2)sc1=O,5.9
2ojg,CHEMBL1986499,Nc1n[nH]c2ccc(-c3nnn(Cc4ccccc4)c3-c3ccc(F)cc3)cc12,7.3
2ojg,CHEMBL1986597,NC(=O)c1cccc2[nH]c(-c3ccc(NC(=O)c4cccc(S(=O)(=O)N5CCOCC5)c4)cc3)nc12,4.1
2ojg,CHEMBL1986781,CC(=O)N1CCC(Nc2nccc(-c3c(-c4ccc(F)cc4)nc4occn34)n2)CC1,5.9
2ojg,CHEMBL1986869,Cc1csc(NC(=O)c2sc3nc(-c4ccncc4)ccc3c2N)n1,4.1
2ojg,CHEMBL1986943,OC1CCC(Nc2nc(Cl)cc(-c3c[nH]c4ncccc34)n2)CC1,7.3
2ojg,CHEMBL1986970,COCCN(C)C(=O)c1c(-c2ccc3[nH]ncc3c2)nnn1Cc1ccccc1,6.1
2ojg,CHEMBL1987007,CN1CCC(NC(=O)c2cc3c(-c4ccccc4)n[nH]c3s2)CC1,5.1
2ojg,CHEMBL1987009,COc1cccc(CNC(=O)c2cc3c(-c4ccccc4)n[nH]c3s2)c1,6.3
2ojg,CHEMBL1987034,N#CCOc1ccc(Nc2nc(Nc3cccc(S(N)(=O)=O)c3)ncc2Br)cc1,6.5
2ojg,CHEMBL1987054,COCCOC1CCC(n2nc(-c3ccc(Nc4nc5cc(C)cc(Cl)c5o4)cc3)c3c(N)ncnc32)CC1,4.1
2ojg,CHEMBL1987533,O=C(Cc1ccccc1Cl)Nc1ccc2cn[nH]c2c1,4.1
2ojg,CHEMBL1987648,Cc1nccn2c(-c3ccnc(NCC(C)(C)CO)n3)c(-c3ccc(F)cc3)nc12,4.1
2ojg,CHEMBL1988075,Cc1ccc(-c2cnc(N)c3c(-c4ccc(NC(=O)Nc5cccc(F)c5)cc4)csc23)cn1,4.1
2ojg,CHEMBL1988153,Cc1nnc(-c2cc3c(Oc4ccc(C(F)(F)F)cc4)cncc3s2)o1,4.1
2ojg,CHEMBL1988163,NS(=O)(=O)c1cccc(Nc2ncc3ccn(-c4ccccc4)c3n2)c1,5.2
2ojg,CHEMBL1988300,Nc1ccc(-c2csc3c(C=Cc4nc5ccccc5[nH]4)cnc(N)c23)cc1,4.1
2ojg,CHEMBL1988387,Cn1cc(-c2cnc(N)c3c(-c4ccc(NC(=O)Nc5ccc(OC(F)F)cc5)cc4)csc23)cn1,4.1
2ojg,CHEMBL1988594,Nc1ncnc2scc(C(=O)Nc3ccc(NC(=O)Nc4ccccc4)cc3)c12,4.1
2ojg,CHEMBL1988608,CC(=O)Nc1cccc(CNc2c(Nc3ccc4[nH]ncc4c3)c(=O)c2=O)c1,6.2
2ojg,CHEMBL1988717,Cn1cc(-c2cnn3c(N)c(-c4ccc(NC(=O)Nc5cccc(C(F)(F)F)c5)cc4)cnc23)cn1,4.1
2ojg,CHEMBL1988838,Cc1cnc(Nc2cccc(S(N)(=O)=O)c2)nc1Nc1ccc(OCC(N)=O)cc1,5.8
2ojg,CHEMBL1988995,CC(C)c1nnc2ccc(-c3c(-c4ccc(F)cc4F)nc4occn34)nn12,4.1
2ojg,CHEMBL1989029,CC(C)OC1=NNC(=O)C1=Cc1c[nH]c2ccccc12,4.1
2ojg,CHEMBL1989474,Cn1cc(-c2ccncn2)c(-c2ccc(F)cc2)n1,4.1
2ojg,CHEMBL1989646,Cc1c(-c2ccc3[nH]nc(N)c3c2)nnn1Cc1ccccc1,6.9
2ojg,CHEMBL1989708,Cc1cccc(NC(=O)Nc2ccc(-c3csc4c(-c5cnn(CC(C)O)c5)cnc(N)c34)cc2)c1,4.1
2ojg,CHEMBL1989957,OCCNc1cc2cc(-c3ccccc3)ccc2cn1,4.1
2ojg,CHEMBL1990212,COc1cc(OC)c(Nc2ccc3nnc(-c4ccccc4)n3n2)cc1Cl,4.1
2ojg,CHEMBL1990346,Nc1n[nH]c2cccc(-c3ccc(Br)cc3)c12,4.1
2ojg,CHEMBL1990415,O=C(Nc1n[nH]c2nc3ccccc3cc12)c1ccncc1,4.1
2ojg,CHEMBL1990482,NC(=O)c1cccc2[nH]c(-c3ccncc3)nc12,4.1
2ojg,CHEMBL1990496,Cn1c(NCC(N)Cc2ccccc2)nc(-c2ccncc2)c(-c2ccc3ccccc3c2)c1=O,4.1
2ojg,CHEMBL1990583,Nc1ncnn2ccc(C(=O)Nc3ccc(NC(=O)Nc4cccc(F)c4)cc3)c12,6.6
2ojg,CHEMBL1990904,Fc1ccc(-c2nc3cnccn3c2-c2ccnc(NCC3CC3)n2)cc1,5.6
2ojg,CHEMBL1990912,OCCNc1cc2cc(-c3cccnc3)ccc2cn1,5.3
2ojg,CHEMBL1991078,COc1ccc(C(=O)Nc2n[nH]c3ccc(-c4cn(Cc5ccccc5)nn4)cc23)cc1OC,7
2ojg,CHEMBL1991138,Nc1nccn2c(C3CC(CN4CCCC4)C3)nc(-c3cccc(OCc4ccccc4)c3)c12,4.1
2ojg,CHEMBL1991395,CC(C)(CO)CNc1nccc(-c2c(-c3ccc(F)cc3)nc3cnccn23)n1,4.1
2ojg,CHEMBL1991429,O=C(Cc1ccccc1)Nc1cccc(-c2nc3sccn3c2-c2ccnc(Nc3cccc(N4CCCC4=O)c3)n2)c1,4.1
2ojg,CHEMBL1991577,CC(Nc1c(Nc2ccncc2)c(=O)c1=O)C1CCCCC1,4.1
2ojg,CHEMBL1991674,OC1CCC(Nc2cc(Cl)nc(-c3c[nH]c4ncccc34)n2)CC1,4.3
2ojg,CHEMBL1991725,CN(C)CC(=O)NC(COc1cncc(-c2ccc3cnccc3c2)c1)Cc1c[nH]c2ccccc12,4.1
2ojg,CHEMBL1991728,CC(=NNC(=N)N)c1cc(NC(=O)NCCCCCCNC(=O)Nc2cc(C(C)=NNC(=N)N)cc(C(C)=NNC(=N)N)c2)cc(C(C)=NNC(=N)N)c1,4.1
2ojg,CHEMBL1991800,CC(C)(CO)CNc1nccc(-c2c(-c3ccc(F)cc3)nc3c(CC4CC4)nccn23)n1,5.2
2ojg,CHEMBL1992242,Cc1cc(C)cc(NC(=O)Nc2ccc(-c3cccc4sncc34)cc2)c1,4.1
2ojg,CHEMBL1992306,CNC(=O)c1cc(Oc2ccc(NC(=O)Nc3cccc(C(F)(F)F)c3)cc2)ccn1,4.1
2ojg,CHEMBL1992323,O=c1[nH]cnc2c1oc1ccc(Cl)cc12,4.1
2ojg,CHEMBL1992342,CCCS(=O)(=O)Nc1ccc(-c2ccc3[nH]nc(N)c3c2)cc1,4.1
2ojg,CHEMBL1992536,COc1ccc(CNc2c(Nc3ccc4[nH]ncc4c3)c(=O)c2=O)cc1,4.1
2ojg,CHEMBL1992634,Brc1cnc2[nH]cc(-c3ccccc3)c2c1,4.1
2ojg,CHEMBL1992740,CCN1CCN(CCCC(=O)Nc2n[nH]c3nnc(-c4cccc(F)c4F)cc23)CC1,4.1
2ojg,CHEMBL1992922,OCC(CO)Nc1ncnc2[nH]cc(-c3ccccc3)c12,5.4
2ojg,CHEMBL1993166,CC(=NNC(=N)N)c1cc(NC(=O)NCCCN(C)CCCNC(=O)Nc2cc(C(C)=NNC(=N)N)cc(C(C)=NNC(=N)N)c2)cc(C(C)=NNC(=N)N)c1,4.1
2ojg,CHEMBL1993243,CNC(=O)C=Cc1cnc(N)c2c(-c3ccc4c(c3)OCO4)csc12,4.1
2ojg,CHEMBL1993424,NS(=O)(=O)c1cccc(Nc2ncc3ccn(Cc4ccccc4)c3n2)c1,4.1
2ojg,CHEMBL1993584,OC(COc1cncc(C=Cc2ccncc2)c1)Cc1c[nH]c2ccccc12,4.1
2ojg,CHEMBL1993722,Nc1n[nH]c2cccc(-c3ccc(NC(=O)Nc4cc(C(=O)O)ccc4F)cc3)c12,4.1
2ojg,CHEMBL1993941,CCCn1cc(-c2cnc(N)c3c(-c4ccc(NC(=O)Nc5cccc(F)c5)cc4)csc23)cn1,4.1
2ojg,CHEMBL1994040,CC(C)(O)CNc1nccc(-c2c(-c3ccc(F)cc3F)nc3c(CC4CC4)nccn23)n1,4.1
2ojg,CHEMBL1994074,Brc1ccc2[nH]nc(-c3ccccc3)c2c1,4.1
2ojg,CHEMBL1994241,COc1cc(C=C(C#N)c2nc3ccccc3[nH]2)c(Br)cc1O,4.1
2ojg,CHEMBL1994321,Cc1cccc(NC(=O)Nc2ccc(-c3csc4c(C#CCNS(C)(=O)=O)cnc(N)c34)cc2)c1,4.1
2ojg,CHEMBL1994361,Nc1ccc(-c2cncc(OCC(N)Cc3c[nH]c4ccccc34)c2)cc1C(=O)c1ccccc1F,4.1
2ojg,CHEMBL1994538,O=C(Nc1cnccn1)Nc1ccnc2c(C(F)(F)F)cccc12,4.1
2ojg,CHEMBL1994693,Nc1ncnc2sc3c(c12)-c1ccc(NC(=O)Nc2ccccc2)cc1CC3,4.1
2ojg,CHEMBL1994830,Nc1nnc(-c2cc3c(Oc4ccc(Cl)cc4)cncc3s2)o1,4.1
2ojg,CHEMBL1994864,Cc1ccc(CNc2c(Nc3ccncc3)c(=O)c2=O)cc1,4.1
2ojg,CHEMBL1994938,Nc1ncc(C=CC(=O)NCCCn2ccnc2)c2scc(-c3ccc(Br)cc3)c12,4.1
2ojg,CHEMBL1995448,NCCOc1cccc(Nc2ccnc(N)n2)c1,4.1
2ojg,CHEMBL1995736,CCOC(=O)c1cccc2[nH]c(-c3ccc(N4CCC(N)C4)cc3)nc12,4.1
2ojg,CHEMBL1995813,NC1CCCCC1Nc1nccc(-c2c[nH]c3ncccc23)n1,6.3
2ojg,CHEMBL1995832,COc1nccn2c(-c3ccnc(NCC(C)(C)CO)n3)c(-c3ccc(F)cc3F)nc12,4.1
2ojg,CHEMBL1996111,CN(C)C(=O)c1c(-c2ccc3[nH]ncc3c2)nnn1Cc1ccccc1,6.3
2ojg,CHEMBL1996155,CN1CCC1COc1cncc(CCc2ccncc2)c1,4.1
2ojg,CHEMBL1996234,CC1(O)CC(c2nc(-c3ccc4ccc(-c5ccccc5)nc4c3)c3c(N)nccn23)C1,4.1
2ojg,CHEMBL1996390,O=C(O)c1cc2c(-c3ccccc3)cncc2s1,4.1
2ojg,CHEMBL1996500,Cc1nccn2c(-c3ccnc(NCC(C)(C)O)n3)c(-c3ccc(F)cc3F)nc12,4.1
2ojg,CHEMBL1996543,NC(COc1cncc(-c2ccc(F)cc2)c1)Cc1c[nH]c2ccccc12,4.1
2ojg,CHEMBL1996587,CC(C)(CO)c1nnc2ccc(-c3c(-c4ccc(F)cc4F)nc4n3CCC4)nn12,4.1
2ojg,CHEMBL1996791,Nc1ncnc2c1c(I)nn2C1CCC(O)CC1,5.5
2ojg,CHEMBL1996817,CCCCOc1ncnc2[nH]cc(-c3ccccc3)c12,5.2
2ojg,CHEMBL1996931,O=C(NC(CO)Cc1ccc(Cl)cc1)c1ccc(-c2ccncc2)cc1,4.1
2ojg,CHEMBL1996979,O=C(Nc1cnc2[nH]cc(-c3ccccc3)c2c1)c1c(F)cccc1F,4.1
2ojg,CHEMBL1997025,NC(=O)c1cccc2[nH]c(-c3ccc(C4CCCNC4)cc3F)nc12,4.1
2ojg,CHEMBL1997129,O=C1NCCc2[nH]c(-c3ccnc(C=Cc4ccccc4)c3)cc21,6.3
2ojg,CHEMBL1997340,O=C(c1cc(-c2ccc3[nH]ncc3c2)on1)N1CCCC(O)C1,4.1
2ojg,CHEMBL1997534,COc1cccc(C(C)NC(=O)c2cc(C)c(-c3ccc4[nH]nc(C)c4c3)s2)c1,6.3
2ojg,CHEMBL1997597,CCS(=O)(=O)Nc1ccc(-c2ccc3[nH]nc(N)c3c2)cc1,4.1
2ojg,CHEMBL1997623,Nc1n[nH]c2cc(-c3ccc(NC(=O)Nc4cccc(C(F)(F)F)c4)cc3)ccc12,4.1
2ojg,CHEMBL1997759,COc1cccc(NC(=O)c2cnn3c(-c4ccccc4)ccnc23)c1,4.1
2ojg,CHEMBL1997764,COc1ccc(C(=O)Nc2cnc3[nH]cc(-c4ccccc4)c3c2)cc1,4.1
2ojg,CHEMBL1997846,Clc1cc(NC2CCCCC2)nc(-c2c[nH]c3ncccc23)n1,5.1
2ojg,CHEMBL1998112,COc1ccc(-c2cc3nccn3c(Nc3ccccc3C(N)=O)n2)cc1OC,4.1
2ojg,CHEMBL1998121,NCCC(C(=O)Nc1ccc2[nH]ncc2c1)c1ccc(Cl)c(Cl)c1,6.7
2ojg,CHEMBL1998193,O=C(NCCCCCCNC(=O)Nc1cccnc1)Nc1cccnc1,4.1
2ojg,CHEMBL1998414,Cc1n[nH]c2sc(C(=O)NCCc3ccc(Cl)cc3)cc12,5.2
2ojg,CHEMBL1998435,OCCNc1cc2cc(-c3ccncc3)ccc2cn1,4.1
2ojg,CHEMBL1998545,O=C(NC(CO)Cc1ccccc1)c1ccc(-c2ccncc2)cc1,5.8
2ojg,CHEMBL1998551,CC(C)(O)c1nnc2ccc(-c3c(-c4ccc(F)cc4F)nc4n3CCC4)nn12,4.1
2ojg,CHEMBL1998585,Nc1ncnc2scc(-c3ccc(NC(=O)Nc4cc(C(F)(F)F)ccc4F)cc3)c12,4.1
2ojg,CHEMBL1998611,NC(=O)c1sc2c(Br)ccc(Cl)c2c1N,4.1
2ojg,CHEMBL1998829,O=C(Nc1cnc2[nH]cc(-c3ccccc3)c2c1)c1ccc(Cl)cc1,4.1
2ojg,CHEMBL1999321,O=c1c(NCCc2ccc(Oc3ccccc3)cc2)c(Nc2ccncc2)c1=O,4.1
2ojg,CHEMBL1999428,CC(NC(=O)c1ccc(-c2ccncc2)cc1)c1ccccc1,6.4
2ojg,CHEMBL1999496,Cc1cccc(C2(c3cccc(C)c3)CC2C(=O)Nc2ccncc2)c1,4.1
2ojg,CHEMBL1999556,NC(=O)c1cc2c(-c3ccccc3)cncc2s1,5.2
2ojg,CHEMBL1999714,Cc1ccc2c(c1)NC(=O)c1ccccc1N2,4.1
2ojg,CHEMBL1999718,N#Cc1ccc(NC(=O)Nc2ccnc3cc(C(F)(F)F)ccc23)nc1,4.1
2ojg,CHEMBL1999749,COc1cc(Nc2ncnc3ccc(-c4ccc(CN5CC6C(CO)C6C5)cc4)cc23)ccc1Oc1ccccc1,4.1
2ojg,CHEMBL1999918,NC(=O)c1cc2c(-c3ccc(Br)c(F)c3F)cncc2s1,6.2
2ojg,CHEMBL1999931,O=C(Nc1n[nH]c2ccc(-c3cn(Cc4ccccc4)nn3)cc12)c1ccccc1,8
2ojg,CHEMBL2000071,OCCCNc1ncnc2[nH]cc(-c3ccccc3)c12,4.1
2ojg,CHEMBL2000104,CCS(=O)(=O)c1ccc(-c2cncc3sc(C(N)=O)cc23)cc1,4.1
2ojg,CHEMBL2000114,CSc1c[nH]c2ncnc(NCCCO)c12,4.1
2ojg,CHEMBL2000271,Cc1n[nH]c2ccc(-c3cncc(OCC(CN)Cc4ccccc4)c3)cc12,5.9
2ojg,CHEMBL2000335,Cc1ccc(NC(=O)Nc2ccc(-c3csc4ncnc(N)c34)cc2)cc1C,4.1
2ojg,CHEMBL2000345,COc1cc(C=C(C#N)c2nc3cc(C)ccc3[nH]2)c(Br)cc1O,4.1
2ojg,CHEMBL2000354,COc1ccc(C=C2SC(=Nc3ccccc3)NC2=O)cc1O,4.1
2ojg,CHEMBL2000408,Cc1cn2c(-c3ccnc(NCC(C)(C)CO)n3)c(-c3ccc(F)cc3F)nc2c(C)n1,4.1
2ojg,CHEMBL2000429,CC(C)Oc1nccn2c(-c3ccnc(NCC(C)(C)CO)n3)c(-c3ccc(F)cc3F)nc12,5.6
2ojg,CHEMBL2000481,NCCNS(=O)(=O)c1cccc(C(=O)Nc2ccc(-c3n[nH]c(=O)c4ccccc34)cc2)c1,4.1
2ojg,CHEMBL2000508,Fc1ccc(-c2nc3sccn3c2-c2ccncc2)cc1,4.1
2ojg,CHEMBL2000568,CC(=O)c1cccc(-c2cnc3[nH]ccc3c2)c1,4.1
2ojg,CHEMBL2000685,CC(=NNC(=N)N)c1cc(NC(=O)c2cccc(C(=O)Nc3cc(C(C)=NNC(=N)N)cc(C(C)=NNC(=N)N)c3)c2)cc(C(C)=NNC(=N)N)c1,4.1
2ojg,CHEMBL2000801,O=C(Nc1ccc(-c2cccc3sncc23)cc1)Nc1ccc(F)c(C(F)(F)F)c1,4.1
2ojg,CHEMBL2000832,COc1cc(-c2ccc3c(c2)Nc2ccc(C(=O)NCc4cccc(F)c4)cc2NC3=O)ccc1O,4.1
2ojg,CHEMBL2001224,Cc1cc(OC2CCCC2)c(NC(=O)Nc2cnc(C#N)cn2)cc1Cl,4.1
2ojg,CHEMBL2001257,CCN(CC)CC#Cc1cnc(N)c2c(-c3ccc(NC(=O)Nc4cccc(C)c4)cc3)csc12,4.1
2ojg,CHEMBL2001288,Nc1ncnc2c1c(I)nn2C1OC(CO)C(O)C1O,4.1
2ojg,CHEMBL2001485,Cc1ccc(NC(=O)Nc2ccc(-c3csc4c(-c5cnn(C(C)C(=O)N(C)C)c5)cnc(N)c34)cc2)cc1,4.1
2ojg,CHEMBL2001547,CCc1nccn2c(-c3ccnc(NCC(C)(C)O)n3)c(-c3ccc(F)cc3F)nc12,4.1
2ojg,CHEMBL2001751,NC(COc1cncc(-c2ccc3c(c2)C(=Cc2ccco2)C(=O)N3)c1)Cc1c[nH]c2ccccc12,6.4
2ojg,CHEMBL2001920,O=C1NC(=S)SC1=C1C(=O)Nc2ccc(Br)cc21,4.1
2ojg,CHEMBL2001923,O=C1Nc2cc(CCOc3ccc(N4CCOCC4)cc3)ccc2Nc2cc(-c3cn(Cc4cc(F)c(F)c(F)c4)c4cnccc34)ccc21,4.1
2ojg,CHEMBL2001957,CC(C)(CO)CNc1nccc(-c2c(-c3ccc(F)cc3)nc3c(OCC(F)(F)F)nccn23)n1,5.5
2ojg,CHEMBL2002165,CC(O)Cn1cc(-c2cnc(N)c3c(-c4ccc(NC(=O)Nc5cccc(F)c5)cc4)csc23)cn1,4.1
2ojg,CHEMBL2002240,CC(=O)Nc1cc(N)c(C#N)c(-c2ccc3ccccc3c2)n1,4.1
2ojg,CHEMBL2002322,NC(=O)c1cc2c(-c3cc(C(F)(F)F)cc(C(F)(F)F)c3)cncc2s1,4.1
2ojg,CHEMBL2002323,Cc1ccc(F)c(-c2ccc3nnc(N)n3c2)c1,4.1
2ojg,CHEMBL2002373,OCCCn1cnc(-c2ccccc2)c1-c1ccncc1,4.1
2ojg,CHEMBL2002407,COc1cc(C=C(C#N)c2n[nH]c(N)c2C#N)ccc1O,4.1
2ojg,CHEMBL2002479,NCCCOc1cc2c(c(-c3ccc(Nc4nc5ccc(Cl)cc5o4)cc3)c1)CNC2=O,4.1
2ojg,CHEMBL2002649,COc1ccc2c(c1)C(=Cc1c[nH]cn1)C(=O)N2,6.3
2ojg,CHEMBL2003271,NC(=O)c1sc2ccc(Cl)c(Cl)c2c1NC(=O)c1ccc(Cl)cc1,4.1
2ojg,CHEMBL2003286,COc1cc(C=C2SC(=O)NC2=O)ccc1O,4.1
2ojg,CHEMBL2003341,O=C(NC(CO)c1cc(Cl)cc(Cl)c1)c1ccc(-c2ccncc2)cc1,6
2ojg,CHEMBL2003420,O=C(NCCCCCCNC(=O)NCc1cccnc1)NCc1cccnc1,4.1
2ojg,CHEMBL2003456,O=c1[nH]c2cc(-c3ccccc3)cnc2[nH]1,4.1
2ojg,CHEMBL2003482,O=C(Cc1ccc(Cl)cc1)Nc1[nH]nc2c1CCC2,5.3
2ojg,CHEMBL2003638,O=C(Nc1n[nH]c2ccc(-c3cn(Cc4ccccc4)nn3)cc12)c1cccc(F)c1,7.1
2ojg,CHEMBL2003657,CC(C)S(=O)(=O)n1c(N)nc2ccc(-c3c(-c4ccc(F)cc4)nc4sccn34)cc21,5.1
2ojg,CHEMBL2003768,COc1ccc(CNc2c(Nc3ccncc3)c(=O)c2=O)c(OC)c1,4.1
2ojg,CHEMBL2003817,O=C(Nc1cnccn1)Nc1ccnc2cc(C(F)(F)F)ccc12,4.1
2ojg,CHEMBL2004072,COC(=O)c1cc2c(-c3cccc(F)c3)cncc2s1,4.1
2ojg,CHEMBL2004290,COc1ccc(NC(=O)Nc2ccc(-c3csc4c(-c5cnn(CC(C)(C)O)c5)cnc(N)c34)cc2)cc1,4.1
2ojg,CHEMBL2004311,Cc1cc(C)cc(NC(=O)Nc2ccc(-c3cccc4c3CNC4=O)c(C)c2)c1,4.1
2ojg,CHEMBL2004355,CCOc1nc(C(=O)NCc2ccc(S(N)(=O)=O)cc2)cc(N)c1C#N,6.2
2ojg,CHEMBL2004419,CC(C)Cn1c(N)nc2c(F)cc(-c3c(-c4ccc(F)cc4)nc4sccn34)cc21,4.1
2ojg,CHEMBL2004438,Nc1c(-c2ccc(NC(=O)Nc3cccc(C(F)(F)F)c3)cc2)ccc2nccnc12,4.1
2ojg,CHEMBL2004447,CC(C)(C)c1n[nH]c2c1C(c1ccccc1F)C(C#N)=C(N)O2,4.1
2ojg,CHEMBL2004513,COC(=O)c1ccccc1-c1ccc2c(c1)Nc1ccccc1NC2=O,4.1
2ojg,CHEMBL2004716,CCN(CC)CCNC(=O)C=Cc1cnc(N)c2c(-c3ccc(NC(=O)Nc4cccc(C)c4)cc3)csc12,4.1
2ojg,CHEMBL2004771,O=C1NCc2c1cccc2-c1ccc(Nc2nc3ccccc3o2)cc1,4.1
2ojg,CHEMBL2004871,OCCCn1cnc(-c2ccc(F)cc2)c1-c1ccncc1,4.1
2ojg,CHEMBL2004872,COc1cccc(C(C)NC(=O)c2ccc(-c3ccncn3)cc2)c1,5.7
2ojg,CHEMBL2004892,CS(=O)(=O)Nc1ccc(-c2ccc3[nH]nc(N)c3c2)cc1,4.1
2ojg,CHEMBL2004934,COc1cccc(C(C)NC(=O)c2ccc(-c3ccncc3)c(F)c2)c1,6.1
2ojg,CHEMBL2005186,CC(C)NC(=O)COc1cccc(-c2nc(Nc3ccc4[nH]ncc4c3)c3ccccc3n2)c1,4.1
2ojg,CHEMBL2005375,CCC1C(=O)N(C)c2cnc(Nc3ccc(C(=O)NC4CCCCC4)cc3OC)nc2N1C1CCCC1,4.1
2ojg,CHEMBL2005475,O=C(NCC1CCCCC1)c1cc2c(-c3ccccc3)n[nH]c2s1,6.6
2ojg,CHEMBL2005548,CC(C)(C)OC(=O)n1ncc2cc(Nc3c(NCc4ccc(Cl)cc4Cl)c(=O)c3=O)ccc21,4.1
2ojg,CHEMBL2005631,CNC(=O)c1cnc(N)c2c(-c3ccc(NC(=O)Nc4cc(C)ccc4F)cc3)csc12,4.1
2ojg,CHEMBL2005792,COc1nccn2c(-c3ccnc(NCC(C)(C)CO)n3)c(-c3ccc(F)cc3)nc12,5.4
2ojg,CHEMBL2005828,Cc1ccc(NC(=O)Nc2ccc(-c3coc4ncnc(N)c34)cc2)cc1,4.1
2ojg,CHEMBL2005886,Cc1cc(N2CCOCC2)cc2[nH]c(-c3c(NCC(O)c4cccc(Cl)c4)cc[nH]c3=O)nc12,4.1
2ojg,CHEMBL2005899,CC(=O)N(c1ccncc1)c1c(NC(C)C(C)(C)C)c(=O)c1=O,4.1
2ojg,CHEMBL2005936,CCCC(=O)Nc1n[nH]c2ccc(-c3nnn(Cc4ccccc4)c3-c3ccccc3)cc12,6.6
2ojg,CHEMBL2006010,O=C(Nc1cccc(C(F)(F)F)n1)Nc1ccnc2c(Cl)c(Cl)ccc12,4.1
2ojg,CHEMBL2006188,COc1cccc(C(C)NC(=O)c2ccc(-c3ccncc3)cc2NCCCN)c1,5.4
2ojg,CHEMBL2006237,CN1CCN(CCCNc2cccc(-c3nc4c(C(N)=O)cccc4[nH]3)n2)CC1,4.1
2ojg,CHEMBL2006276,COc1cccc2c1Nc1cc(Nc3ccncc3)ccc1C(=O)N2,4.1
2ojg,CHEMBL2006439,Clc1cc(-c2c[nH]c3ncccc23)nc(NC2CCCCC2)n1,6.4
2ojg,CHEMBL2006481,O=C(c1cc(-c2ccc3[nH]ncc3c2)on1)N1CCCCC1,4.1
2ojg,CHEMBL2006567,CC(=O)Nc1cc(N)c(C#N)c(-c2ccsc2)n1,4.1
2ojg,CHEMBL2006580,Oc1ccc(Nc2ncnc3scc(Cl)c23)cc1,4.1
2ojg,CHEMBL2006581,CCOc1nc(C(=O)NCc2ccccc2S(N)(=O)=O)cc(N)c1Cl,5.8
2ojg,CHEMBL2006631,CN(C)S(=O)(=O)c1ccccc1-c1ccc2c(c1)Nc1ccccc1NC2=O,4.1
2ojg,CHEMBL2006715,O=C(Nc1cccc(-c2nc3sccn3c2-c2ccnc(Nc3cccc(N4CCCC4=O)c3)n2)c1)c1c(F)cccc1F,5.8
2ojg,CHEMBL2006778,CNC(=O)C=Cc1cnc(N)c2c(-c3cc(F)c4[nH]c(C)cc4c3)csc12,4.1
2ojg,CHEMBL2006785,Cc1ccc(C(=O)Nc2c(C#N)sc3ccc(Cl)c(Cl)c23)cc1,4.1
2ojg,CHEMBL2007002,COc1cc(-c2ccc3[nH]nc(C(=O)Nc4ccccc4)c3c2)ccc1O,4.1
2ojg,CHEMBL2007064,Cc1[nH]c(C=C2C(=O)Nc3ccccc32)c(C)c1CCC(=O)O,4.1
2ojg,CHEMBL2007151,Cc1c(-c2cccc(OCc3ccccc3)c2)c2c(N)ncnc2n1C1CCC(N2CCCC2)CC1,4.1
2ojg,CHEMBL2007296,CCCOc1cccc(C(C)NC(=O)c2ccc(-c3ccncc3)cc2)c1,4.1
2ojg,CHEMBL2007372,CNc1nccn2c(-c3ccnc(NCC(C)(C)CO)n3)c(-c3ccc(F)cc3)nc12,4.1
2ojg,CHEMBL202635,COc1cc(CN2CCCCC2)c(Cl)cc1NC(=O)Nc1cnc(C#N)cn1,4.1
2ojg,CHEMBL203673,NC(COc1cncc(C=Cc2ccncc2)c1)Cc1ccccc1,4.1
2ojg,CHEMBL205415,NC(Cc1c[nH]c2ccccc12)C(=O)Nc1cncc(C=Cc2ccncc2)c1,4.1
2ojg,CHEMBL206236,NC(COCc1ccccc1)COc1cncc(C=Cc2ccncc2)c1,4.1
2ojg,CHEMBL206382,NCCOc1cncc(C=Cc2ccncc2)c1,4.1
2ojg,CHEMBL207995,COc1cc(C=O)c(Cl)cc1NC(=O)Nc1cnc(C#N)cn1,4.1
2ojg,CHEMBL208637,CCOc1nc(NC(C)=O)cc(N)c1C#N,4.1
2ojg,CHEMBL209534,CCOc1nc(C(=O)NCc2cccnc2)cc(N)c1C#N,6.5
2ojg,CHEMBL210032,CC(=O)Nc1cc(N)c(C#N)c(-c2ccccc2)n1,4.1
2ojg,CHEMBL210618,CCOc1nc(NC(=O)Cc2cc(OC)ccc2OC)cc(N)c1C#N,5.3
2ojg,CHEMBL210928,CCOc1nc(NC(=O)Cc2cc(OC)c(S(C)(=O)=O)cc2OC)cc(N)c1Cl,4.1
2ojg,CHEMBL210963,CCOc1nc(NC(=O)Cc2cc(OC)c(S(C)(=O)=O)cc2OC)cc(N)c1C#N,5.2
2ojg,CHEMBL211378,Cc1cccc(NC(=O)Nc2ccc(-c3noc4ncnc(N)c34)cc2)c1,4.1
2ojg,CHEMBL213505,Nc1ncnc2onc(-c3ccc(NC(=O)Nc4cccc(C(F)(F)F)c4)cc3)c12,4.1
2ojg,CHEMBL219722,Nc1n[nH]c2cccc(-c3ccc(NC(=O)Nc4ccccc4)cc3)c12,4.1
2ojg,CHEMBL220057,Cc1cccc(NC(=O)Nc2ccc(-c3cccc4[nH]nc(N)c34)cc2)c1,4.1
2ojg,CHEMBL220241,CCn1c(-c2nonc2N)nc2cnc(Oc3cccc(NC(=O)c4ccc(OCCN5CCOCC5)cc4)c3)cc21,4.1
2ojg,CHEMBL225519,O=C1NCCc2[nH]c(-c3ccncc3)cc21,5.6
2ojg,CHEMBL226403,O=C1NCCc2[nH]c(-c3ccnc(-c4cnc5ccccc5c4)c3)cc21,6.4
2ojg,CHEMBL226471,O=C1NCCc2[nH]c(-c3ccnc(-c4ccccc4F)c3)cc21,5.8
2ojg,CHEMBL226898,Cc1n[nH]c2cnc(-c3cncc(OCC(N)Cc4cccc(C(F)(F)F)c4)c3)cc12,6.2
2ojg,CHEMBL227271,Cc1n[nH]c2ccc(-c3cncc(OCC(N)Cc4cccc(OC(F)(F)F)c4)c3)cc12,6.6
2ojg,CHEMBL229799,Cc1n[nH]c2ccc(-c3cncc(OCC(N)Cc4cccc(Cl)c4)c3)cc12,7.1
2ojg,CHEMBL229968,Cc1n[nH]c2ccc(-c3cncc(OCC(N)Cc4ccc(Cl)c(Cl)c4)c3)cc12,7.4
2ojg,CHEMBL244378,O=C(O)c1ccccc1Nc1ccnc(Nc2ccc3cn[nH]c3c2)n1,6.3
2ojg,CHEMBL246970,NCC1CCC(CNc2nc(NCc3ccccc3Cl)ncc2[N+](=O)[O-])CC1,4.1
2ojg,CHEMBL255822,COc1cc(C=C2SC(=S)NC2=O)ccc1O,4.1
2ojg,CHEMBL256835,COc1nccc(-c2c(-c3ccc(F)cc3)ncn2C2CCC(O)CC2)n1,4.1
2ojg,CHEMBL259850,COc1ccc(CNC(=O)Nc2ncc([N+](=O)[O-])s2)cc1,4.1
2ojg,CHEMBL260092,Nc1ncnc2c1N=C(c1ccc(NC(=O)Nc3cccc(C(F)(F)F)c3)cc1)CCN2,4.1
2ojg,CHEMBL260135,Nc1n[nH]c2nnc(-c3ccccc3)c(-c3ccccc3)c12,4.1
2ojg,CHEMBL262433,Cc1ccc(F)c(NC(=O)Nc2ccc(-c3nsc4ncnc(N)c34)cc2)c1,4.1
2ojg,CHEMBL271381,COc1ccc(-c2ccc(NC(=O)Nc3cccc(Br)c3)cc2)c2c(N)noc12,4.1
2ojg,CHEMBL272453,COc1ccc(NC(=O)Nc2ccc(-c3cccc4onc(N)c34)cc2)cc1Cl,4.1
2ojg,CHEMBL274064,Nc1nccc(-c2c(-c3ccc(F)cc3)ncn2C2CCNCC2)n1,5.5
2ojg,CHEMBL296586,O=C1Cc2c([nH]c3ccc(Br)cc23)-c2ccccc2N1,4.1
2ojg,CHEMBL306380,Cc1ccc(-c2nn(C(C)(C)C)c3ncnc(N)c23)cc1,4.1
2ojg,CHEMBL3109278,CCN(CC)CCNC(=O)c1c(C)[nH]c(C=C2C(=O)Nc3ccc(F)cc32)c1C,4.1
2ojg,CHEMBL316264,Fc1ccc(-c2nc(-c3ccc(F)cc3)c(-c3ccncc3)[nH]2)cc1,4.1
2ojg,CHEMBL336961,O=C1Cc2c([nH]c3ccc(Br)cc23)-c2ncccc2N1,4.1
2ojg,CHEMBL371206,Cc1cc(C)cc(NC(=O)Nc2ccc(-c3c(C)sc4ncnc(N)c34)cc2)c1,4.1
2ojg,CHEMBL375284,Cc1cccc(NC(=O)Nc2ccc(-c3cccc4[nH]ncc34)cc2)c1,4.1
2ojg,CHEMBL377383,CCOc1nc(C(=O)NCc2ccc(S(C)(=O)=O)cc2)cc(N)c1Cl,5.5
2ojg,CHEMBL378627,COc1cc(S(C)(=O)=O)c(OC)cc1CC(=O)Nc1cc(N)c(C#N)c(OC(C)C)n1,5.4
2ojg,CHEMBL379218,Cc1n[nH]c2ccc(-c3cncc(OCC(N)Cc4ccccc4)c3)cc12,6.4
2ojg,CHEMBL379300,Cc1n[nH]c2ccc(-c3cncc(OCC(N)Cc4c[nH]c5ccccc45)c3)cc12,6.5
2ojg,CHEMBL383527,NC(Cc1cccc2ccccc12)C(=O)Nc1cncc(C=Cc2ccncc2)c1,4.1
2ojg,CHEMBL383541,NC(COc1cncc(C=Cc2ccncc2)c1)Cc1c[nH]c2ccccc12,5.1
2ojg,CHEMBL392642,CSc1ccccc1CNc1ncc([N+](=O)[O-])c(NCC2CCC(CN)CC2)n1,4.1
2ojg,CHEMBL394619,Cc1cccc(NC(=O)Nc2ccc(-c3csc4ccnc(N)c34)cc2)c1,4.1
2ojg,CHEMBL394790,Nc1nccc2scc(-c3ccc(NC(=O)Nc4cccc(Cl)c4)cc3)c12,4.1
2ojg,CHEMBL396523,O=C(O)c1ccccc1Nc1ccnc(Nc2ccc3[nH]ncc3c2)n1,5.8
2ojg,CHEMBL399021,Nc1ncnc2c1c(-c1cccc(OCc3ccccc3)c1)cn2C1CC(CN2CCCC2)C1,4.1
2ojg,CHEMBL402846,Cc1ccc(F)c(NC(=O)Nc2ccc(-c3cncc4c3c(N)nn4C)cc2)c1,4.1
2ojg,CHEMBL404367,Cc1cccc(NC(=O)Nc2ccc(-c3cncc4c3c(N)nn4C)cc2)c1,4.1
2ojg,CHEMBL411903,Nc1ncnc2c1N=C(c1ccc(NC(=O)Nc3cc(C(F)(F)F)ccc3F)cc1)CCN2,4.1
2ojg,CHEMBL41783,CN(C)CCCC(=O)Nc1n[nH]c2nnc(-c3cccc(F)c3F)cc12,4.1
2ojg,CHEMBL419932,CC(N)COc1cnc(Cl)c(C=Cc2ccncc2)c1,4.1
2ojg,CHEMBL424872,CCOc1nc(C(=O)NCc2ccc(S(C)(=O)=O)cc2)cc(N)c1C#N,6.2
2ojg,CHEMBL437747,CCCn1c(C2CCNCC2)nc(-c2ccc(Cl)c(Cl)c2)c1-c1ccnc(NC2CCCCC2)n1,7.1
2ojg,CHEMBL439340,Nc1ccc(-c2cncc(OCC(N)Cc3c[nH]c4ccccc34)c2)cc1C(=O)c1cccc(Cl)c1,4.1
2ojg,CHEMBL451964,FC(F)(F)c1ccc(-c2nnc3ccc(NC4CC4)nn23)cc1,4.1
2ojg,CHEMBL458997,CNC(=O)c1ccccc1Nc1nc(Nc2ccc(N3CCOCC3)cc2OC)ncc1Cl,6.6
2ojg,CHEMBL497151,O=c1nc(-c2cc3c(Oc4ccc(I)cc4)cncc3s2)[nH]o1,4.1
2ojg,CHEMBL504950,Cc1cc(C)c2c(n1)sc1c(N)ncnc12,4.1
2ojg,CHEMBL507936,Cc1cccc(NC(=O)Nc2ccc(-c3ccc4nccnc4c3N)cc2)c1,4.1
2ojg,CHEMBL508928,Cc1cccc(NC(=O)Nc2ccc(-c3cnc4c(-c5cnn(C)c5)cnn4c3N)cc2)c1,4.1
2ojg,CHEMBL50894,O=C1Cc2c([nH]c3ccc([N+](=O)[O-])cc23)-c2ccccc2N1,5.6
2ojg,CHEMBL509032,COc1cc(N2CCC(N3CCN(C)CC3)CC2)ccc1Nc1ncc(Cl)c(Nc2ccccc2S(=O)(=O)C(C)C)n1,6.7
2ojg,CHEMBL513846,Cc1nc2ccccn2c1-c1csc(Nc2ccc(O)cc2)n1,4.1
2ojg,CHEMBL516429,NC(COc1cncc(-c2cc3ccncc3s2)c1)Cc1c[nH]c2ccccc12,6.6
2ojg,CHEMBL526133,O=c1nc(-c2ccc3[nH]ncc3c2)cc(-c2ccccc2)[nH]1,6.1
2ojg,CHEMBL535331,C(=NNc1nc2ccccc2[nH]1)c1c[nH]c2ccccc12,4.1
2ojg,CHEMBL549730,CC(Nc1c(Nc2ccncc2)c(=O)c1=O)C(C)(C)C,4.1
2ojg,CHEMBL560813,N#Cc1cnc(NC(=O)Nc2ccc3cc(C(=O)O)ccc3c2)cn1,4.1
2ojg,CHEMBL575824,NC(COc1cncc(-c2ccc3[nH]c(=O)oc3c2)c1)Cc1c[nH]c2ccccc12,4.2
2ojg,CHEMBL579246,NC(COc1cncc(-c2ccc3c(c2)CC(=O)N3)c1)Cc1c[nH]c2ccccc12,5.8
2ojg,CHEMBL583144,O=c1[nH]cnc2c1sc1c(Cl)ccc(Cl)c12,4.1
2ojg,CHEMBL95692,COc1nccc(-c2c(-c3ccc(F)cc3)ncn2C2CCNCC2)n1,4.1
