3d4q,CHEMBL3639400,COc1ccc(NC(=O)c2ccc(C)c(N(C)c3ncnc4cnc(N5CCC(F)C5)nc34)c2)cc1C(F)(F)F,7.1871
3d4q,CHEMBL3639887,Cc1ccc(C(=O)Nc2ccc(C(F)(F)F)cc2)cc1Nc1ncnc2c(N)nc(N3CCCN(C)CC3)nc12,8.0458
3d4q,CHEMBL3639929,Cc1ccc(NC(=O)c2cccc(C(F)(F)F)c2)cc1Nc1ncnc2c(N)nc(N3CCCN(c4ncccn4)CC3)nc12,7.3468
3d4q,CHEMBL3639930,COc1ccc(C(=O)Nc2cc(C(C)(C)C)on2)cc1Nc1ncnc2cnc(N(C)CCN3CCCC3)nc12,8.3979
3d4q,CHEMBL3639965,Cc1ccc(C(=O)Nc2cc(N(C)CCN(C)C)cc(C(F)(F)F)c2)cc1Nc1ncnc2cnc(NCCc3ccccc3)nc12,8.3979
3d4q,CHEMBL3641025,CCN1CCN(c2ncc3ncnc(Nc4cc(C(=O)Nc5cc(C(C)(C)C)on5)ccc4F)c3n2)CC1,9
3d4q,CHEMBL3641026,CN(C)C1CCN(c2ncc3ncnc(Nc4cc(C(=O)Nc5cc(C(C)(C)C)on5)ccc4F)c3n2)C1,8.699
3d4q,CHEMBL3641028,CN(C)C1CCN(c2ncc3ncnc(Nc4cc(C(=O)Nc5cc(C(C)(C)C)on5)ccc4F)c3n2)CC1,8.5229
3d4q,CHEMBL3641029,COCCN1CCN(c2ncc3ncnc(Nc4cc(C(=O)Nc5ccc(OC)c(C(F)(F)F)c5)ccc4F)c3n2)CC1,8.699
3d4q,CHEMBL3641030,COc1ccc(NC(=O)c2ccc(F)c(Nc3ncnc4cnc(N5CCN(C(C)C)CC5)nc34)c2)cc1C(F)(F)F,8.5229
3d4q,CHEMBL3641031,COc1ccc(NC(=O)c2ccc(F)c(Nc3ncnc4cnc(N5CCN(CC6CC6)CC5)nc34)c2)cc1C(F)(F)F,8.2218
3d4q,CHEMBL3641032,CCN1CCN(c2ncc3ncnc(Nc4cc(C(=O)Nc5ccc(OC)c(C(F)(F)F)c5)ccc4F)c3n2)CC1,8.301
3d4q,CHEMBL3641033,COc1ccc(NC(=O)c2ccc(F)c(Nc3ncnc4cnc(N5CCC(N(C)C)CC5)nc34)c2)cc1C(F)(F)F,8.5229
3d4q,CHEMBL3641037,Cc1ccc(C(=O)Nc2cccc(OC(F)(F)F)c2)cc1Nc1ncnc2cnc(N3CCOCC3)nc12,9
3d4q,CHEMBL3641038,COc1ccc(NC(=O)c2ccc(C)c(Nc3ncnc4cnc(N5CCC(F)C5)nc34)c2)cc1C(F)(F)F,8.5229
3d4q,CHEMBL3641039,Cc1ccc(C(=O)Nc2cc(C(C)(C)C)on2)cc1Nc1ncnc2cnc(N3CCC(F)C3)nc12,8.301
3d4q,CHEMBL3641040,COc1ccc(C(F)(F)F)cc1NC(=O)c1ccc(C)c(Nc2ncnc3cnc(N4CCN(CC5CCN(C)CC5)CC4)nc23)c1,10
3d4q,CHEMBL3641041,Cc1ccc(C(=O)Nc2cc(C(C)(C)C)nn2C)cc1Nc1ncnc2cnc(N3CCN(CC4CCN(C)CC4)CC3)nc12,8.1549
3d4q,CHEMBL3641042,COc1ccc(C(C)(C)C)cc1NC(=O)c1ccc(C)c(Nc2ncnc3cnc(N4CCN(CC5CCN(C)CC5)CC4)nc23)c1,8.5229
3d4q,CHEMBL3641043,Cc1ccc(C(=O)Nc2cccc(C(C)(C)C)c2)cc1Nc1ncnc2cnc(N3CCN(CC4CCN(C)CC4)CC3)nc12,9
3d4q,CHEMBL3641044,Cc1ccc(C(=O)Nc2cccc(C(F)(F)F)c2)cc1Nc1ncnc2cnc(N3CCN(CC4CCN(C)CC4)CC3)nc12,10
3d4q,CHEMBL3641045,Cc1ccc(C(=O)Nc2cc(C(C)(C)C)n[nH]2)cc1Nc1ncnc2cnc(N3CCN(CC4CCN(C)CC4)CC3)nc12,8.699
3d4q,CHEMBL3641046,COc1ccc(NC(=O)c2ccc(C)c(Nc3ncnc4cnc(N5CCN(CC6CCN(C)CC6)CC5)nc34)c2)cc1C(F)(F)F,9
3d4q,CHEMBL3641047,Cc1ccc(C(=O)Nc2cc(C(C)(C)C)on2)cc1Nc1ncnc2cnc(N3CCN(CC4CCN(C)CC4)CC3)nc12,9
3d4q,CHEMBL3641048,COCCN1CCN(c2ncc3ncnc(Nc4cc(C(=O)Nc5cc(C(C)(C)C)nn5C)ccc4C)c3n2)CC1,7.9208
3d4q,CHEMBL3641049,COCCN1CCN(c2ncc3ncnc(Nc4cc(C(=O)Nc5cc(C(C)(C)C)ccc5OC)ccc4C)c3n2)CC1,8.301
3d4q,CHEMBL3641050,COCCN1CCN(c2ncc3ncnc(Nc4cc(C(=O)Nc5cccc(C(F)(F)F)c5)ccc4C)c3n2)CC1,10
3d4q,CHEMBL3641051,CCN1CCN(c2cc(NC(=O)c3ccc(C)c(Nc4ncnc5cnc(N6CCN(CCOC)CC6)nc45)c3)cc(C(F)(F)F)c2)CC1,8.2218
3d4q,CHEMBL3641052,COCCN1CCN(c2ncc3ncnc(Nc4cc(C(=O)Nc5cc(C(C)(C)C)n[nH]5)ccc4C)c3n2)CC1,8.1549
3d4q,CHEMBL3641053,COCCN1CCN(c2ncc3ncnc(Nc4cc(C(=O)Nc5cc(C(F)(F)F)ccn5)ccc4C)c3n2)CC1,10
3d4q,CHEMBL3641054,COCCN1CCN(c2ncc3ncnc(Nc4cc(C(=O)Nc5ccc(OC)c(C(F)(F)F)c5)ccc4C)c3n2)CC1,8.699
3d4q,CHEMBL3641059,COc1ccc(NC(=O)c2ccc(C)c(Nc3ncnc4cnc(N5CCN(CC6CCOC6)CC5)nc34)c2)cc1C(F)(F)F,8.2218
3d4q,CHEMBL3641060,COc1ccc(NC(=O)c2ccc(C)c(Nc3ncnc4cnc(N5CCN(C6CC6)CC5)nc34)c2)cc1C(F)(F)F,8.1549
3d4q,CHEMBL3641061,COc1ccc(NC(=O)c2ccc(C)c(Nc3ncnc4cnc(N5CCC(N(C)C)CC5)nc34)c2)cc1C(F)(F)F,9
3d4q,CHEMBL3641062,COc1ccc(NC(=O)c2ccc(C)c(Nc3ncnc4cnc(N5CC(C)NC(C)C5)nc34)c2)cc1C(F)(F)F,8.699
3d4q,CHEMBL3641063,COc1ccc(NC(=O)c2ccc(C)c(Nc3ncnc4cnc(N5CCN(C(C)C)CC5)nc34)c2)cc1C(F)(F)F,8.699
3d4q,CHEMBL3641064,Cc1ccc(C(=O)Nc2cc(N(C)CCN(C)C)cc(C(F)(F)F)c2)cc1Nc1ncnc2cnc(N3CCC(F)C3)nc12,8.2218
3d4q,CHEMBL3641065,CCN1CCN(c2cc(NC(=O)c3ccc(C)c(Nc4ncnc5cnc(N6CCC(F)C6)nc45)c3)cc(C(F)(F)F)c2)CC1,8.3979
3d4q,CHEMBL3641066,Cc1ccc(C(=O)Nc2cc(N(C)CCN(C)C)cc(C(F)(F)F)c2)cc1Nc1ncnc2cnc(N3CCCC3)nc12,6.5654
3d4q,CHEMBL3641067,CCN1CCN(c2cc(NC(=O)c3ccc(C)c(Nc4ncnc5cnc(N6CCOCC6)nc45)c3)cc(C(F)(F)F)c2)CC1,8.699
3d4q,CHEMBL3641068,Cc1ccc(C(=O)Nc2cc(N(C)CCN(C)C)cc(C(F)(F)F)c2)cc1Nc1ncnc2cnc(N3CCOCC3)nc12,9
3d4q,CHEMBL3641069,COc1ccc(NC(=O)c2ccc(C)c(Nc3ncnc4cnc(N5CCCN(C)CC5)nc34)c2)cc1C(F)(F)F,9
3d4q,CHEMBL3641070,COc1ccc(NC(=O)c2ccc(C)c(Nc3ncnc4cnc(N5CCN(CC(C)C)CC5)nc34)c2)cc1C(F)(F)F,8.3979
3d4q,CHEMBL3641071,COc1ccc(NC(=O)c2ccc(C)c(Nc3ncnc4cnc(N5CCCC5)nc34)c2)cc1C(F)(F)F,8.699
3d4q,CHEMBL3641072,Cc1ccc(C(=O)Nc2cc(C(C)(C)C)n[nH]2)cc1Nc1ncnc2cnc(N3CCCN(C)CC3)nc12,8.2218
3d4q,CHEMBL3641073,Cc1ccc(C(=O)Nc2cc(C(C)(C)C)n[nH]2)cc1Nc1ncnc2cnc(N3CCN(CC(C)C)CC3)nc12,7.8861
3d4q,CHEMBL3641074,Cc1ccc(C(=O)Nc2cc(C(C)(C)C)n[nH]2)cc1Nc1ncnc2cnc(N3CCN(C)CC3)nc12,8.0969
3d4q,CHEMBL3641075,Cc1ccc(C(=O)Nc2cc(C(F)(F)F)ccn2)cc1Nc1ncnc2cnc(N3CCN(CC(C)C)CC3)nc12,8.5229
3d4q,CHEMBL3641076,Cc1cn(-c2cc(NC(=O)c3ccc(C)c(Nc4ncnc5cnc(N6CCC(F)(F)C6)nc45)c3)cc(C(F)(F)F)c2)cn1,8.5229
3d4q,CHEMBL3641077,Cc1cn(-c2cc(NC(=O)c3ccc(C)c(Nc4ncnc5cnc(N6CCC(F)C6)nc45)c3)cc(C(F)(F)F)c2)cn1,8.3979
3d4q,CHEMBL3641078,Cc1ccc(C(=O)Nc2cc(N3CCN(CC(C)C)CC3)cc(C(F)(F)F)c2)cc1Nc1ncnc2cnc(N3CCC(F)C3)nc12,8.0969
3d4q,CHEMBL3641079,Cc1ccc(C(=O)Nc2cc(N3CCN(C(C)C)CC3)cc(C(F)(F)F)c2)cc1Nc1ncnc2cnc(N3CCC(F)C3)nc12,8.5229
3d4q,CHEMBL3641080,Cc1ccc(C(=O)Nc2cc(N3CCN(C)CC3)cc(C(F)(F)F)c2)cc1Nc1ncnc2cnc(N3CCC(F)C3)nc12,8.3979
3d4q,CHEMBL3641081,Cc1ccc(C(=O)Nc2cc(N3CCCN(C)CC3)cc(C(F)(F)F)c2)cc1Nc1ncnc2cnc(N3CCC(F)C3)nc12,9
3d4q,CHEMBL3641082,Cc1ccc(C(=O)Nc2cc(CN3CCCC3)cc(C(F)(F)F)c2)cc1Nc1ncnc2cnc(N3CCC(F)C3)nc12,8.699
3d4q,CHEMBL3641083,Cc1ccc(C(=O)Nc2cc(N3CCN(CC(C)C)CC3)cc(C(F)(F)F)c2)cc1Nc1ncnc2cnc(N3CCOCC3)nc12,8.3979
3d4q,CHEMBL3641084,Cc1ccc(C(=O)Nc2cc(N3CCN(C(C)C)CC3)cc(C(F)(F)F)c2)cc1Nc1ncnc2cnc(N3CCOCC3)nc12,8.699
3d4q,CHEMBL3641085,Cc1ccc(C(=O)Nc2cc(N3CCN(C)CC3)cc(C(F)(F)F)c2)cc1Nc1ncnc2cnc(N3CCOCC3)nc12,9
3d4q,CHEMBL3641086,Cc1ccc(C(=O)Nc2cc(N3CCCN(C)CC3)cc(C(F)(F)F)c2)cc1Nc1ncnc2cnc(N3CCOCC3)nc12,8.699
3d4q,CHEMBL3641088,COCCN(C)c1ncc2ncnc(Nc3cc(C(=O)Nc4cccc(C(F)(F)F)c4)ccc3C)c2n1,8.699
3d4q,CHEMBL3641089,COCCN(C)c1ncc2ncnc(Nc3cc(C(=O)Nc4cccc(C(C)(C)C)c4)ccc3C)c2n1,10
3d4q,CHEMBL3641090,COCCN(C)c1ncc2ncnc(Nc3cc(C(=O)Nc4cc(N(C)CCN(C)C)cc(C(F)(F)F)c4)ccc3C)c2n1,10
3d4q,CHEMBL3641091,CCN1CCN(c2cc(NC(=O)c3ccc(C)c(Nc4ncnc5cnc(N(C)CCOC)nc45)c3)cc(C(F)(F)F)c2)CC1,8.699
3d4q,CHEMBL3641093,COCCN(C)c1ncc2ncnc(Nc3cc(C(=O)Nc4cc(C(F)(F)F)ccn4)ccc3C)c2n1,8.699
3d4q,CHEMBL3641094,COCCN(C)c1ncc2ncnc(Nc3cc(C(=O)Nc4ccc(OC)c(C(F)(F)F)c4)ccc3C)c2n1,9
3d4q,CHEMBL3641095,COCCN(C)c1ncc2ncnc(Nc3cc(C(=O)Nc4cc(C(C)(C)C)on4)ccc3C)c2n1,9
3d4q,CHEMBL3641097,Cc1ccc(C(=O)Nc2cc(C(C)(C)C)on2)cc1Nc1ncnc2cnc(N3CCN(CCCN4CCCC4)CC3)nc12,9
3d4q,CHEMBL3641098,Cc1ccc(C(=O)Nc2cc(C(C)(C)C)on2)cc1Nc1ncnc2cnc(N3CCN(CC4CCOC4)CC3)nc12,8.3979
3d4q,CHEMBL3641099,Cc1ccc(C(=O)Nc2cc(C(C)(C)C)on2)cc1Nc1ncnc2cnc(N3CCN(CC4CCCN(C)C4)CC3)nc12,9
3d4q,CHEMBL3641100,Cc1ccc(C(=O)Nc2cc(C(C)(C)C)on2)cc1Nc1ncnc2cnc(N3CCN4CCCC4C3)nc12,8.5229
3d4q,CHEMBL3641101,Cc1ccc(C(=O)Nc2cc(C(C)(C)C)on2)cc1Nc1ncnc2cnc(N3CCC(N4CCCCC4)CC3)nc12,8.5229
3d4q,CHEMBL3641102,Cc1ccc(C(=O)Nc2cc(C(C)(C)C)on2)cc1Nc1ncnc2cnc(N3CCN(C4CCN(C)CC4)CC3)nc12,8.3979
3d4q,CHEMBL3641103,Cc1ccc(C(=O)Nc2cc(C(C)(C)C)on2)cc1Nc1ncnc2cnc(NCC(C)C)nc12,7.8861
3d4q,CHEMBL3641104,Cc1ccc(C(=O)Nc2cc(C(C)(C)C)on2)cc1Nc1ncnc2cnc(N3CCC(N4CC(C)OC(C)C4)CC3)nc12,8.2218
3d4q,CHEMBL3641105,Cc1ccc(C(=O)Nc2cc(C(C)(C)C)on2)cc1Nc1ncnc2cnc(N3CCC(N4CCOCC4)CC3)nc12,9
3d4q,CHEMBL3641106,Cc1ccc(C(=O)Nc2cc(C(C)(C)C)on2)cc1Nc1ncnc2cnc(N3CCC(N4CCCC4)CC3)nc12,8.699
3d4q,CHEMBL3641107,CCN1CCN(c2ncc3ncnc(Nc4cc(C(=O)Nc5cc(C(C)(C)C)on5)ccc4C)c3n2)CC1,8.699
3d4q,CHEMBL3641108,Cc1ccc(C(=O)Nc2cc(C(C)(C)C)on2)cc1Nc1ncnc2cnc(N3CCN(C(C)C)CC3)nc12,8.699
3d4q,CHEMBL3641109,Cc1ccc(C(=O)Nc2cc(C(C)(C)C)on2)cc1Nc1ncnc2cnc(N3CCN(C4CC4)CC3)nc12,8.301
3d4q,CHEMBL3641110,Cc1ccc(C(=O)Nc2cc(C(C)(C)C)on2)cc1Nc1ncnc2cnc(N3CCN(CC(C)C)CC3)nc12,8.3979
3d4q,CHEMBL3641111,Cc1ccc(C(=O)Nc2cc(C(C)(C)C)on2)cc1Nc1ncnc2cnc(N3CCC(N(C)C)CC3)nc12,8.699
3d4q,CHEMBL3641112,Cc1ccc(C(=O)Nc2cc(C(C)(C)C)on2)cc1Nc1ncnc2cnc(N3CC(C)NC(C)C3)nc12,8.699
3d4q,CHEMBL3641116,COCCN1CCN(c2ncc3ncnc(Nc4cc(C(=O)Nc5cc(N6CCN(C)CC6)c(F)c(C(F)(F)F)c5)ccc4C)c3n2)CC1,7.6021
3d4q,CHEMBL3641117,COCCN1CCN(c2ncc3ncnc(Nc4cc(C(=O)Nc5cc(-n6cnc(C)c6)cc(C(F)(F)F)c5)ccc4C)c3n2)CC1,8.0969
3d4q,CHEMBL3641118,Cc1ccc(C(=O)Nc2cc(N3CCN(C)CC3)c(F)c(C(F)(F)F)c2)cc1Nc1ncnc2cnc(N3CCOCC3)nc12,9
3d4q,CHEMBL3641119,Cc1ccc(C(=O)Nc2cc(C(C)(C)C)on2)cc1Nc1ncnc2cnc(N3CCN(C)CC3)nc12,8.699
3d4q,CHEMBL3641123,Cc1ccc(C(=O)Nc2cc(C(C)(C)C)n[nH]2)cc1Nc1ncnc2cnc(N3CCC(F)C3)nc12,8.5229
3d4q,CHEMBL3641124,Cc1ccc(C(=O)Nc2cc(N3CCN(C)CC3)c(F)c(C(F)(F)F)c2)cc1Nc1ncnc2cnc(N3CCN(CC4CCN(C)CC4)CC3)nc12,8.301
3d4q,CHEMBL3641125,Cc1ccc(C(=O)Nc2cc(C(F)(F)F)ccn2)cc1Nc1ncnc2cnc(N3CCN(CC4CCN(C)CC4)CC3)nc12,10
3d4q,CHEMBL3641126,Cc1ccc(C(=O)Nc2cc(N3CCN(C)CC3)c(F)c(C(F)(F)F)c2)cc1Nc1ncnc2cnc(N3CCC(F)C3)nc12,8.3979
3d4q,CHEMBL3641130,Cc1ccc(C(=O)Nc2cc(C(C)(C)C)n[nH]2)cc1Nc1ncnc2cnc(N3CCOCC3)nc12,10
3d4q,CHEMBL3641131,Cc1ccc(C(=O)Nc2cc(C(C)(C)C)on2)cc1Nc1ncnc2cnc(N3CCOCC3)nc12,10
3d4q,CHEMBL3641132,COCCN1CCN(c2ncc3ncnc(Nc4cc(C(=O)Nc5cc(C(C)(C)C)on5)ccc4C)c3n2)CC1,8.5229
3d4q,CHEMBL3641136,Cc1ccc(C(=O)Nc2cc(C(C)(C)C)on2)cc1Nc1ncnc2cnc(NCc3ccccc3)nc12,8.699
3d4q,CHEMBL3641138,Cc1ccc(C(=O)Nc2cc(OCCN3CCCC3)cc(C(F)(F)F)c2)cc1Nc1ncnc2cnc(N3CCOCC3)nc12,9
3d4q,CHEMBL3641139,Cc1ccc(C(=O)Nc2cc(N3CC(C)NC(C)C3)cc(C(F)(F)F)c2)cc1Nc1ncnc2cnc(N3CCOCC3)nc12,8.5229
3d4q,CHEMBL3641140,Cc1ccc(C(=O)Nc2cc(N3CCOCC3)cc(C(F)(F)F)c2)cc1Nc1ncnc2cnc(N3CCOCC3)nc12,8.5229
3d4q,CHEMBL3641141,Cc1ccc(C(=O)Nc2cc(N3CCN(CCO)CC3)cc(C(F)(F)F)c2)cc1Nc1ncnc2cnc(N3CCOCC3)nc12,8.3979
3d4q,CHEMBL3641142,Cc1ccc(C(=O)Nc2cc(N3CCNC(C)C3)cc(C(F)(F)F)c2)cc1Nc1ncnc2cnc(N3CCOCC3)nc12,10
3d4q,CHEMBL3641144,Cc1ccc(C(=O)Nc2cc(OCCN3CCOCC3)cc(C(F)(F)F)c2)cc1Nc1ncnc2cnc(N3CCOCC3)nc12,8.5229
3d4q,CHEMBL3641145,Cc1ccc(C(=O)Nc2cc(-n3ccnc3)cc(C(F)(F)F)c2)cc1Nc1ncnc2cnc(N3CCOCC3)nc12,6.2351
3d4q,CHEMBL3641146,COCCN1CCN(c2ncc3ncnc(Nc4cc(C(=O)Nc5cc(C(F)(F)F)ccc5C#N)ccc4C)c3n2)CC1,7.8861
3d4q,CHEMBL3641147,COCCN1CCN(c2ncc3ncnc(Nc4cc(C(=O)Nc5ccc(C#N)c(C(F)(F)F)c5)ccc4C)c3n2)CC1,8.699
3d4q,CHEMBL3641148,COCCN1CCN(c2ncc3ncnc(Nc4cc(C(=O)Nc5cc(C(F)(F)F)ccc5Cl)ccc4C)c3n2)CC1,8.2218
3d4q,CHEMBL3641149,COCCN1CCN(c2ncc3ncnc(Nc4cc(C(=O)Nc5cc(C(F)(F)F)ccc5N5CCOCC5)ccc4C)c3n2)CC1,6.9747
3d4q,CHEMBL3641150,COCCN1CCN(c2ncc3ncnc(Nc4cc(C(=O)Nc5cc(OC)cc(C(F)(F)F)c5)ccc4C)c3n2)CC1,8.3979
3d4q,CHEMBL3641151,COCCN1CCN(c2ncc3ncnc(Nc4cc(C(=O)Nc5ccc(F)c(C(F)(F)F)c5)ccc4C)c3n2)CC1,9
3d4q,CHEMBL3641152,COCCN1CCN(c2ncc3ncnc(Nc4cc(C(=O)Nc5cc(C(F)(F)F)ccc5-n5ccnn5)ccc4C)c3n2)CC1,7.9208
3d4q,CHEMBL3641153,COCCN1CCN(c2ncc3ncnc(Nc4cc(C(=O)Nc5cc(C(F)(F)F)ccc5-n5cccn5)ccc4C)c3n2)CC1,8
3d4q,CHEMBL3641160,COCC1CCCN1c1ncc2ncnc(Nc3cc(C(=O)Nc4ccc(OC)c(C(F)(F)F)c4)ccc3C)c2n1,8.699
3d4q,CHEMBL3641161,COc1ccc(NC(=O)c2ccc(C)c(Nc3ncnc4cnc(N5CCCC5CO)nc34)c2)cc1C(F)(F)F,8.3979
3d4q,CHEMBL3641165,COc1ccc(NC(=O)c2ccc(C)c(Nc3ncnc4cnc(N5CC(C)OC(C)C5)nc34)c2)cc1C(F)(F)F,8.3979
3d4q,CHEMBL3641166,COc1ccc(NC(=O)c2ccc(C)c(Nc3ncnc4cnc(N5CCCOCC5)nc34)c2)cc1C(F)(F)F,9
3d4q,CHEMBL3641167,COc1ccc(NC(=O)c2ccc(C)c(Nc3ncnc4cnc(N5CCN(CCN6CCOCC6)CC5)nc34)c2)cc1C(F)(F)F,7.7696
3d4q,CHEMBL3641168,COc1ccc(NC(=O)c2ccc(C)c(Nc3ncnc4cnc(N5CCN(CCCN6CCCC6)CC5)nc34)c2)cc1C(F)(F)F,8.699
3d4q,CHEMBL3641169,COc1ccc(NC(=O)c2ccc(C)c(Nc3ncnc4cnc(N5CCN(CC6CCCN(C)C6)CC5)nc34)c2)cc1C(F)(F)F,8.5229
3d4q,CHEMBL3641170,COc1ccc(NC(=O)c2ccc(C)c(Nc3ncnc4cnc(N5CCN6CCCCC6C5)nc34)c2)cc1C(F)(F)F,7.7447
3d4q,CHEMBL3641171,COc1ccc(NC(=O)c2ccc(C)c(Nc3ncnc4cnc(N5CCC(N6CCCCC6)CC5)nc34)c2)cc1C(F)(F)F,8.1549
3d4q,CHEMBL3641172,COc1ccc(NC(=O)c2ccc(C)c(Nc3ncnc4cnc(N5CCN(C6CCN(C)CC6)CC5)nc34)c2)cc1C(F)(F)F,8.3979
3d4q,CHEMBL3641173,COc1ccc(NC(=O)c2ccc(C)c(Nc3ncnc4cnc(N5CCC(N6CCOCC6)CC5)nc34)c2)cc1C(F)(F)F,7.6383
3d4q,CHEMBL3641174,COc1ccc(NC(=O)c2ccc(C)c(Nc3ncnc4cnc(N5CCC(N6CC(C)OC(C)C6)CC5)nc34)c2)cc1C(F)(F)F,7.8539
3d4q,CHEMBL3641175,COc1ccc(NC(=O)c2ccc(C)c(Nc3ncnc4cnc(N5CCC(N6CCCC6)CC5)nc34)c2)cc1C(F)(F)F,8.1549
3d4q,CHEMBL3641176,CCN1CCN(c2ncc3ncnc(Nc4cc(C(=O)Nc5ccc(OC)c(C(F)(F)F)c5)ccc4C)c3n2)CC1,8.0458
3d4q,CHEMBL3641177,COc1ccc(NC(=O)c2ccc(C)c(Nc3ncnc4cnc(N5CCC(N(C)C)C5)nc34)c2)cc1C(F)(F)F,8.699
3d4q,CHEMBL3641182,COc1ncc2ncnc(Nc3cc(C(=O)Nc4ccc(OC)c(C(F)(F)F)c4)ccc3C)c2n1,8.699
3d4q,CHEMBL3641184,COc1ncc2ncnc(Nc3cc(C(=O)Nc4cc(N(C)CCN(C)C)cc(C(F)(F)F)c4)ccc3C)c2n1,8.699
3d4q,CHEMBL3641185,COc1ncc2ncnc(Nc3cc(C(=O)Nc4cc(CN5CCCC5)cc(C(F)(F)F)c4)ccc3C)c2n1,9
3d4q,CHEMBL3641192,COc1ccc(NC(=O)c2ccc(C)c(N(C)c3ncnc4cnc(N5CCOCC5)nc34)c2)cc1C(F)(F)F,7.7447
3d4q,CHEMBL3641194,COCCN1CCN(c2ncc3ncnc(N(C)c4cc(C(=O)Nc5ccc(OC)c(C(F)(F)F)c5)ccc4C)c3n2)CC1,6.7144
3d4q,CHEMBL3641202,Cc1ccc(C(=O)Nc2cc(C(C)(C)C)on2)cc1Nc1ncnc2cnc(NCCCN(C)C)nc12,10
3d4q,CHEMBL3641203,COc1ccc(NC(=O)c2ccc(C)c(Nc3ncnc4cnc(N5CCC(CN(C)C)CC5)nc34)c2)cc1C(F)(F)F,9
3d4q,CHEMBL3641204,Cc1ccc(C(=O)Nc2cc(C(C)(C)C)n[nH]2)cc1Nc1ncnc2cnc(N3CCC(CN4CCCC4)CC3)nc12,8.5229
3d4q,CHEMBL3641206,Cc1ccc(C(=O)Nc2cc(C(C)(C)C)n[nH]2)cc1Nc1ncnc2cnc(N3CCN(CC4CCOC4)CC3)nc12,8.0458
3d4q,CHEMBL3641207,Cc1ccc(C(=O)Nc2cc(C(C)(C)C)on2)cc1Nc1ncnc2cnc(N3CCC4(CCN(C)C4)C3)nc12,9
3d4q,CHEMBL3641213,COc1ccc(C(=O)Nc2ccc(C)c(Nc3ncnc4cnc(N5CCN(C)CC5)nc34)c2)cc1C(F)(F)F,7.8861
3d4q,CHEMBL3641214,Cc1ccc(NC(=O)c2cccc(C(C)(C)C#N)c2)cc1Nc1ncnc2cnc(N3CCOCC3)nc12,10
3d4q,CHEMBL3641215,Cc1ccc(NC(=O)c2cccc(C(F)(F)F)c2)cc1Nc1ncnc2cnc(N3CCN(C)CC3)nc12,7.9208
3d4q,CHEMBL3641218,Cc1ccc(NC(=O)c2cccc(C(C)(C)C#N)c2)cc1Nc1ncnc2cnc(N3CCN(C)CC3)nc12,9
3d4q,CHEMBL3641220,Cc1ccc(NC(=O)c2cccc(C(C)(C)C#N)c2)cc1Nc1ncnc2cnc(N(C)C)nc12,9
3d4q,CHEMBL3641222,COc1ccc(C(=O)Nc2ccc(C)c(Nc3ncnc4cnc(N(C)C)nc34)c2)cc1C(F)(F)F,8.5229
3d4q,CHEMBL3641224,Cc1ccc(NC(=O)c2cccc(C(C)(C)C#N)c2)cc1Nc1ncnc2cnc(N(C)CCCN(C)C)nc12,8.699
3d4q,CHEMBL3641227,Cc1ccc(NC(=O)c2cccc(C(C)(C)C#N)c2)cc1Nc1ncnc2cnc(N3CCN(C4CC4)CC3)nc12,8.699
3d4q,CHEMBL3641228,CCN1CCN(c2ncc3ncnc(Nc4cc(NC(=O)c5cccc(C(C)(C)C#N)c5)ccc4C)c3n2)CC1,9
3d4q,CHEMBL3641229,Cc1ccc(NC(=O)c2cccc(C(C)(C)C#N)c2)cc1Nc1ncnc2cnc(NC3CCN(C)CC3)nc12,9
3d4q,CHEMBL3641230,Cc1ccc(NC(=O)c2cccc(C(C)(C)C#N)c2)cc1Nc1ncnc2cnc(N(C)C3CCN(C)CC3)nc12,9
3d4q,CHEMBL3641232,Cc1ccc(NC(=O)c2cccc(C(C)(C)C#N)c2)cc1Nc1ncnc2cnc(N(C)C3CCOCC3)nc12,8.301
3d4q,CHEMBL3641233,Cc1ccc(NC(=O)c2cccc(C(C)(C)C#N)c2)cc1Nc1ncnc2cnc(N3CCC(F)(F)C3)nc12,8.699
3d4q,CHEMBL3641236,CC(=O)N1CCN(c2ncc3ncnc(Nc4cc(NC(=O)c5cccc(C(C)(C)C#N)c5)ccc4C)c3n2)CC1,8.3979
3d4q,CHEMBL3641237,Cc1ccc(NC(=O)c2cccc(C(C)(C)C#N)c2)cc1Nc1ncnc2cnc(N(C)C3CCOC3)nc12,9
3d4q,CHEMBL3641238,Cc1ccc(NC(=O)c2cccc(C(C)(C)C#N)c2)cc1Nc1ncnc2cnc(NC3CCOCC3)nc12,8.699
3d4q,CHEMBL3641239,Cc1ccc(NC(=O)c2cccc(C(C)(C)C#N)c2)cc1Nc1ncnc2cnc(N(C)CC3CCOCC3)nc12,8.3979
3d4q,CHEMBL3641240,COc1ncc2ncnc(Nc3cc(NC(=O)c4cccc(C(C)(C)C#N)c4)ccc3C)c2n1,8.699
3d4q,CHEMBL3641241,COc1ncc2ncnc(Nc3cc(NC(=O)c4ccc(OC)c(C(F)(F)F)c4)ccc3C)c2n1,7.8861
3d4q,CHEMBL3641243,COc1ncc2ncnc(Nc3cc(NC(=O)c4ccc(Cl)c(C(F)(F)F)c4)ccc3C)c2n1,7.2291
3d4q,CHEMBL3641244,Cc1ccc(NS(=O)(=O)CC(F)(F)F)cc1Nc1ncnc2cnc(N3CCN(C)CC3)nc12,5
3d4q,CHEMBL3641245,Cc1ccc(NS(=O)(=O)CCC(C)C)cc1Nc1ncnc2cnc(N3CCN(C)CC3)nc12,5
3d4q,CHEMBL3643281,Cc1ccc(NS(=O)(=O)C2CCCCC2)cc1Nc1ncnc2cnc(N3CCN(C)CC3)nc12,5
3d4q,CHEMBL3643293,CCN1CCN(c2cc(C(=O)Nc3ccc(C)c(Nc4ncnc5cnc(N6CCOCC6)nc45)c3)cc(C(C)(C)C#N)c2)CC1,8.699
3d4q,CHEMBL3643294,Cc1ccc(NC(=O)c2cc(N3CCN(C)CC3)cc(C(C)(C)C#N)c2)cc1Nc1ncnc2cnc(N3CCOCC3)nc12,8.5229
3d4q,CHEMBL3643296,Cc1ccc(C(=O)Nc2cc(CN3CCCC3)cc(C(F)(F)F)c2)cc1Nc1ncnc2cncnc12,8.3979
3d4q,CHEMBL3689901,COc1ccc(NC(=O)c2ccc(C)c(Nc3ncnc4c(N)nc(N5CCN(C)CC5)nc34)c2)cc1C(F)(F)F,7.585
3d4q,CHEMBL3689902,Cc1ccc(C(=O)Nc2cc(Br)cc(C(F)(F)F)c2)cc1Nc1ncnc2c(N)nc(N3CCN(C)CC3)nc12,8.0458
3d4q,CHEMBL3689903,Cc1ccc(C(=O)Nc2ccc(C(F)(F)F)cc2)cc1Nc1ncnc2c(N)nc(N3CCNCC3)nc12,8.1549
3d4q,CHEMBL3689904,Cc1ccc(C(=O)Nc2ccc(C(F)(F)F)cc2)cc1Nc1ncnc2c(N)nc(N3CCN(C)CC3)nc12,8.301
3d4q,CHEMBL3689906,Cc1ccc(C(=O)Nc2ccc(C(F)(F)F)cc2)cc1Nc1ncnc2c(N)nc(N3CCN(C4CCN(C)CC4)CC3)nc12,8.5229
3d4q,CHEMBL3689907,Cc1ccc(C(=O)Nc2ccc(C(F)(F)F)cc2)cc1Nc1ncnc2c(N)nc(N3CCN(CC4CCN(C)CC4)CC3)nc12,8.699
3d4q,CHEMBL3689908,Cc1ccc(C(=O)Nc2cc(C(C)(C)C)on2)cc1Nc1ncnc2c(N)nc(N3CCN(C)CC3)nc12,8.5229
3d4q,CHEMBL3689909,Cc1ccc(C(=O)Nc2cc(C(C)(C)C)on2)cc1Nc1ncnc2c(N)nc(N3CCN(C4CCN(C)CC4)CC3)nc12,9
3d4q,CHEMBL3689910,Cc1ccc(C(=O)Nc2cc(C(C)(C)C)on2)cc1Nc1ncnc2c(N)nc(N3CCCN(C)CC3)nc12,9
3d4q,CHEMBL3689911,Cc1ccc(C(=O)Nc2cc(C(C)(C)C)n[nH]2)cc1Nc1ncnc2c(N)nc(N3CCN(C4CCN(C)CC4)CC3)nc12,8.699
3d4q,CHEMBL3689912,Cc1ccc(C(=O)Nc2cc(C(C)(C)C)n[nH]2)cc1Nc1ncnc2c(N)nc(N3CCN(CC4CCN(C)CC4)CC3)nc12,8.3979
3d4q,CHEMBL3689913,Cc1ccc(C(=O)Nc2cc(C(C)(C)C)n[nH]2)cc1Nc1ncnc2c(N)nc(N3CCCN(C)CC3)nc12,8.5229
3d4q,CHEMBL3689914,COc1ccc(NC(=O)c2ccc(C)c(Nc3ncnc4c(N)nc(N5CCN(C6CCN(C)CC6)CC5)nc34)c2)cc1C(F)(F)F,9
3d4q,CHEMBL3689915,COc1ccc(NC(=O)c2ccc(C)c(Nc3ncnc4c(N)nc(N5CCN(CC6CCN(C)CC6)CC5)nc34)c2)cc1C(F)(F)F,9
3d4q,CHEMBL3689916,COc1ccc(NC(=O)c2ccc(C)c(Nc3ncnc4c(N)nc(N5CCCN(C)CC5)nc34)c2)cc1C(F)(F)F,9
3d4q,CHEMBL3689917,Cc1ccc(C(=O)Nc2cc(C(C)(C)C)n[nH]2)cc1Nc1ncnc2c(N)nc(N3CCN(C)CC3)nc12,8.5229
3d4q,CHEMBL3689918,CN1CCN(c2nc(N)c3ncnc(Nc4cccc(C(=O)Nc5cccc(C(F)(F)F)c5)c4)c3n2)CC1,7.2441
3d4q,CHEMBL3689919,CN1CCCN(c2nc(N)c3ncnc(Nc4cccc(C(=O)Nc5cccc(C(F)(F)F)c5)c4)c3n2)CC1,7.301
3d4q,CHEMBL3689920,CN1CCC(N2CCN(c3nc(N)c4ncnc(Nc5cccc(C(=O)Nc6cccc(C(F)(F)F)c6)c5)c4n3)CC2)CC1,7.6576
3d4q,CHEMBL3689921,CN1CCC(CN2CCN(c3nc(N)c4ncnc(Nc5cccc(C(=O)Nc6cccc(C(F)(F)F)c6)c5)c4n3)CC2)CC1,7.8861
3d4q,CHEMBL3689922,CN1CCN(c2nc(N)c3ncnc(Nc4cc(C(=O)Nc5cccc(C(F)(F)F)c5)ccc4Cl)c3n2)CC1,7.8539
3d4q,CHEMBL3689923,CN1CCCN(c2nc(N)c3ncnc(Nc4cc(C(=O)Nc5cccc(C(F)(F)F)c5)ccc4Cl)c3n2)CC1,8.0458
3d4q,CHEMBL3689924,CN1CCC(N2CCN(c3nc(N)c4ncnc(Nc5cc(C(=O)Nc6cccc(C(F)(F)F)c6)ccc5Cl)c4n3)CC2)CC1,8.5229
3d4q,CHEMBL3689925,CN1CCN(c2nc(N)c3ncnc(Nc4cc(C(=O)Nc5cccc(C(F)(F)F)c5)ccc4Br)c3n2)CC1,7.1549
3d4q,CHEMBL3689926,CN1CCCN(c2nc(N)c3ncnc(Nc4cc(C(=O)Nc5cccc(C(F)(F)F)c5)ccc4Br)c3n2)CC1,7.0809
3d4q,CHEMBL3689927,CN1CCC(N2CCN(c3nc(N)c4ncnc(Nc5cc(C(=O)Nc6cccc(C(F)(F)F)c6)ccc5Br)c4n3)CC2)CC1,7.8861
3d4q,CHEMBL3689928,CN1CCC(CN2CCN(c3nc(N)c4ncnc(Nc5cc(C(=O)Nc6cccc(C(F)(F)F)c6)ccc5Br)c4n3)CC2)CC1,7.8239
3d4q,CHEMBL3689929,COc1ccc(C(=O)Nc2cccc(C(F)(F)F)c2)cc1Nc1ncnc2c(N)nc(N3CCN(C)CC3)nc12,7.4559
3d4q,CHEMBL3689930,COc1ccc(C(=O)Nc2cccc(C(F)(F)F)c2)cc1Nc1ncnc2c(N)nc(N3CCCN(C)CC3)nc12,7.2366
3d4q,CHEMBL3689931,COc1ccc(C(=O)Nc2cccc(C(F)(F)F)c2)cc1Nc1ncnc2c(N)nc(N3CCN(C4CCN(C)CC4)CC3)nc12,7.8539
3d4q,CHEMBL3689932,COc1ccc(C(=O)Nc2cccc(C(F)(F)F)c2)cc1Nc1ncnc2c(N)nc(N3CCN(CC4CCN(C)CC4)CC3)nc12,7.9208
3d4q,CHEMBL3689933,Cc1ccc(C(=O)Nc2cc(C(C)(C)C)n[nH]2)cc1Nc1ncnc2c(N)nc(N3CCN4CCCC4C3)nc12,8.699
3d4q,CHEMBL3689934,Cc1ccc(C(=O)Nc2cc(C(C)(C)C)n[nH]2)cc1Nc1ncnc2c(N)nc(N3CC(C)NC(C)C3)nc12,8.699
3d4q,CHEMBL3689936,Cc1ccc(C(=O)Nc2cc(C(C)(C)C)n[nH]2)cc1Nc1ncnc2c(N)nc(N3CCN(CC(C)C)CC3)nc12,8.3979
3d4q,CHEMBL3689937,Cc1ccc(C(=O)Nc2cc(C(C)(C)C)n[nH]2)cc1Nc1ncnc2c(N)nc(N3CCN(CC4CCCO4)CC3)nc12,8.2218
3d4q,CHEMBL3689938,Cc1ccc(C(=O)Nc2cc(C(C)(C)C)n[nH]2)cc1Nc1ncnc2c(N)nc(N3CCN(C4CCCC4)CC3)nc12,8.301
3d4q,CHEMBL3689939,Cc1ccc(C(=O)Nc2cc(C(C)(C)C)n[nH]2)cc1Nc1ncnc2c(N)nc(N3CCN(CC4CCCN(C)C4)CC3)nc12,8.5229
3d4q,CHEMBL3689940,COCCN1CCN(c2nc(N)c3ncnc(Nc4cc(C(=O)Nc5cc(C(C)(C)C)n[nH]5)ccc4C)c3n2)CC1,8.301
3d4q,CHEMBL3689941,Cc1ccc(C(=O)Nc2cc(C(C)(C)C)n[nH]2)cc1Nc1ncnc2c(N)nc(N3CCN(C4CC4)CC3)nc12,8.0458
3d4q,CHEMBL3689942,Cc1ccc(C(=O)Nc2cc(C(C)(C)C)n[nH]2)cc1Nc1ncnc2c(N)nc(N3CCN4CCCCC4C3)nc12,8.3979
3d4q,CHEMBL3689943,Cc1ccc(C(=O)Nc2cc(C(C)(C)C)n[nH]2)cc1Nc1ncnc2c(N)nc(N3CCC(N4CCN(C)CC4)CC3)nc12,7.2596
3d4q,CHEMBL3694011,COc1cc(NC(=O)c2ccc(C)c(Nc3ncnc4c(N)nc(N5CCN(C)CC5)nc34)c2)cc(C(F)(F)F)c1,8.301
3d4q,CHEMBL3694012,Cc1ccc(C(=O)Nc2cccc(C(F)(F)F)c2)cc1Nc1ncnc2c(N)nc(N3CCN(C)CC3)nc12,10
3d4q,CHEMBL3694013,Cc1ccc(C(=O)Nc2cccc(C(F)(F)F)c2)cc1Nc1ncnc2c(N)nc(N3CCN(C4CCN(C)CC4)CC3)nc12,10
3d4q,CHEMBL3694014,Cc1ccc(C(=O)Nc2cccc(C(F)(F)F)c2)cc1Nc1ncnc2c(N)nc(N3CCN(C4CCCC4)CC3)nc12,10
3d4q,CHEMBL3694015,Cc1ccc(C(=O)Nc2cccc(C(F)(F)F)c2)cc1Nc1ncnc2c(N)nc(N3CCCN(C4CC4)CC3)nc12,9
3d4q,CHEMBL3694016,Cc1ccc(C(=O)Nc2cccc(C(F)(F)F)c2)cc1Nc1ncnc2c(N)nc(N3CCCNCC3)nc12,9
3d4q,CHEMBL3694017,Cc1ccc(C(=O)Nc2cccc(C(F)(F)F)c2)cc1Nc1ncnc2c(N)nc(N3CCCN(c4ccncc4)CC3)nc12,10
3d4q,CHEMBL3694018,Cc1ccc(C(=O)Nc2cccc(C(F)(F)F)c2)cc1Nc1ncnc2c(N)nc(N3CCN(CC4CCN(C)CC4)CC3)nc12,10
3d4q,CHEMBL3694019,Cc1ccc(C(=O)Nc2cccc(C(F)(F)F)c2)cc1Nc1ncnc2c(N)nc(N3CC(C)NC(C)C3)nc12,8.699
3d4q,CHEMBL3694020,Cc1ccc(C(=O)Nc2cccc(C(F)(F)F)c2)cc1Nc1ncnc2c(N)nc(N3CCCN(c4ncccn4)CC3)nc12,9
3d4q,CHEMBL3694021,Cc1ccc(C(=O)Nc2cccc(C(F)(F)F)c2)cc1Nc1ncnc2c(N)nc(N3CCN(C(C)C)CC3)nc12,10
3d4q,CHEMBL3694023,Cc1ccc(C(=O)Nc2cccc(C(F)(F)F)c2)cc1Nc1ncnc2c(N)nc(N3CCNCC3)nc12,10
3d4q,CHEMBL3694024,Cc1ccc(C(=O)Nc2cccc(C(F)(F)F)c2)cc1Nc1ncnc2c(N)nc(N3CCCN(c4ccccn4)CC3)nc12,8.5229
3d4q,CHEMBL3694025,Cc1ccc(C(=O)Nc2cccc(C(F)(F)F)c2)cc1Nc1ncnc2c(N)nc(N3CCCN(C)CC3)nc12,10
3d4q,CHEMBL3694027,Cc1ccc(C(=O)Nc2cc(N(C)CCN(C)C)cc(C(F)(F)F)c2)cc1Nc1ncnc2c(N)nc(N3CCCOCC3)nc12,8.5229
3d4q,CHEMBL3694028,Cc1ccc(C(=O)Nc2ccc(C#N)c(C(F)(F)F)c2)cc1Nc1ncnc2c(N)nc(N3CCN(C)CC3)nc12,8.1549
3d4q,CHEMBL3694029,Cc1ccc(C(=O)Nc2cc(C(C)(C)C)nn2C)cc1Nc1ncnc2c(N)nc(N3CCN(C)CC3)nc12,7.9208
3d4q,CHEMBL3694030,Cc1ccc(C(=O)Nc2cc(C(F)(F)F)ccn2)cc1Nc1ncnc2c(N)nc(N3CCN(C)CC3)nc12,8.699
3d4q,CHEMBL3694031,Cc1ccc(C(=O)Nc2ccc(Cl)c(C(F)(F)F)c2)cc1Nc1ncnc2c(N)nc(N3CCN(C)CC3)nc12,8.5229
3d4q,CHEMBL3694033,Cc1ccc(C(=O)Nc2cc(N(C)CCN(C)C)cc(C(F)(F)F)c2)cc1Nc1ncnc2c(N)nc(N3CCOCC3)nc12,9
3d4q,CHEMBL3694034,CCN1CCN(c2cc(NC(=O)c3ccc(C)c(Nc4ncnc5c(N)nc(N6CCOCC6)nc45)c3)cc(C(F)(F)F)c2)CC1,8.699
3d4q,CHEMBL3694035,Cc1ccc(C(=O)Nc2cc(N(C)CCN(C)C)cc(C(F)(F)F)c2)cc1Nc1ncnc2c(N)nc(N(C)C)nc12,8.0969
3d4q,CHEMBL3694036,CCN1CCN(c2cc(NC(=O)c3ccc(C)c(Nc4ncnc5c(N)nc(N(C)C)nc45)c3)cc(C(F)(F)F)c2)CC1,7.7212
3d4q,CHEMBL3694037,Cc1ccc(C(=O)Nc2cccc(C(C)(C)C)c2)cc1Nc1ncnc2c(N)nc(N3CCN(C)CC3)nc12,8.699
3d4q,CHEMBL3694038,CCN1CCN(c2cc(NC(=O)c3ccc(C)c(Nc4ncnc5c(N)nc(N6CCCOCC6)nc45)c3)cc(C(F)(F)F)c2)CC1,8.5229
3d4q,CHEMBL3694041,Cc1ccc(C(=O)Nc2cc(C(C)(C)C)nn2C)cc1Nc1ncnc2c(N)nc(N3CCN(CC(C)C)CC3)nc12,7.9586
3d4q,CHEMBL3694042,Cc1ccc(C(=O)Nc2cc(C(C)(C)C)nn2C)cc1Nc1ncnc2c(N)nc(N3CCN4CCCC4C3)nc12,8.1549
3d4q,CHEMBL3694043,Cc1ccc(C(=O)Nc2cc(N(C)CCN(C)C)cc(C(F)(F)F)c2)cc1Nc1ncnc2c(N)nc(N3CCC(F)C3)nc12,8.3979
3d4q,CHEMBL3694044,CCN1CCN(c2cc(NC(=O)c3ccc(C)c(Nc4ncnc5c(N)nc(N6CCCC6)nc45)c3)cc(C(F)(F)F)c2)CC1,8.0458
3d4q,CHEMBL3694045,CCN1CCN(c2cc(NC(=O)c3ccc(C)c(Nc4ncnc5c(N)nc(N6CCC(F)C6)nc45)c3)cc(C(F)(F)F)c2)CC1,8
3d4q,CHEMBL3694046,Cc1ccc(NC(=O)c2cccc(C(F)(F)F)c2)cc1Nc1ncnc2c(N)nc(N3CCN(C)CC3)nc12,7.585
3d4q,CHEMBL3694047,Cc1ccc(NC(=O)c2cccc(C(F)(F)F)c2)cc1Nc1ncnc2c(N)nc(N3CCCN(C)CC3)nc12,7.3872
3d4q,CHEMBL3694048,Cc1ccc(NC(=O)c2cccc(C(F)(F)F)c2)cc1Nc1ncnc2c(N)nc(NN3CCN(C)CC3)nc12,7.301
3d4q,CHEMBL3694053,Cc1ccc(NC(=O)c2cccc(C(F)(F)F)c2)cc1Nc1ncnc2c(N)nc(N3CCN(C4CCN(C)CC4)CC3)nc12,8.699
3d4q,CHEMBL3694054,Cc1ccc(NC(=O)c2cccc(C(F)(F)F)c2)cc1Nc1ncnc2c(N)nc(N3CCN(C4CCCC4)CC3)nc12,7.6198
3d4q,CHEMBL3694055,Cc1ccc(NC(=O)c2cccc(C(F)(F)F)c2)cc1Nc1ncnc2c(N)nc(N3CCCN(C4CC4)CC3)nc12,7.6021
3d4q,CHEMBL3694056,Cc1ccc(NC(=O)c2cccc(C(F)(F)F)c2)cc1Nc1ncnc2c(N)nc(N3CCCNCC3)nc12,7.699
3d4q,CHEMBL3694057,Cc1ccc(NC(=O)c2cccc(C(F)(F)F)c2)cc1Nc1ncnc2c(N)nc(N3CCCN(c4ccncc4)CC3)nc12,8.1549
3d4q,CHEMBL3694058,Cc1ccc(NC(=O)c2cccc(C(F)(F)F)c2)cc1Nc1ncnc2c(N)nc(N3CC(C)NCC3C)nc12,8.1549
3d4q,CHEMBL3694059,Cc1ccc(NC(=O)c2cccc(C(F)(F)F)c2)cc1Nc1ncnc2c(N)nc(N3CCN(CC4CCN(C)CC4)CC3)nc12,8.3979
3d4q,CHEMBL3694060,Cc1ccc(NC(=O)c2cccc(C(F)(F)F)c2)cc1Nc1ncnc2c(N)nc(N3CC(C)NC(C)C3)nc12,7.3979
3d4q,CHEMBL3694061,Cc1ccc(NC(=O)c2cccc(C(F)(F)F)c2)cc1Nc1ncnc2c(N)nc(N3CCN(C(C)C)CC3)nc12,7.8861
3d4q,CHEMBL3694063,Cc1ccc(NC(=O)c2cccc(C(F)(F)F)c2)cc1Nc1ncnc2c(N)nc(N3CCNCC3)nc12,8.0458
3d4q,CHEMBL3694064,COc1ccc(NC(=O)c2ccc(C)c(Nc3ncnc4cnc(N5CCN(C)CC5)nc34)c2)cc1C(F)(F)F,8.699
3d4q,CHEMBL3694065,COc1ccc(NC(=O)c2ccc(C)c(Nc3ncnc4cnc(N5CCOCC5)nc34)c2)cc1C(F)(F)F,10
3d4q,CHEMBL3694066,Cc1ccc(C(=O)NCc2cccc(C(C)(C)C)c2)cc1Nc1ncnc2cnc(N(C)CCN(C)C)nc12,6.9281
3d4q,CHEMBL3694067,COCCN(C)c1ncc2ncnc(Nc3cc(C(=O)Nc4ccc(OC)c(C(F)(F)F)c4)ccc3Cl)c2n1,8.699
3d4q,CHEMBL3694068,COc1ccc(NC(=O)c2ccc(Cl)c(Nc3ncnc4cnc(N(C)CCN(C)C)nc34)c2)cc1C(F)(F)F,8.699
3d4q,CHEMBL3694069,COc1ccc(NC(=O)c2ccc(Cl)c(Nc3ncnc4cnc(N5CCCCCC5)nc34)c2)cc1C(F)(F)F,8.1549
3d4q,CHEMBL3694070,COc1ccc(NC(=O)c2ccc(Cl)c(Nc3ncnc4cnc(N5CCCN(C)CC5)nc34)c2)cc1C(F)(F)F,9
3d4q,CHEMBL3694071,COc1ccc(NC(=O)c2ccc(Cl)c(Nc3ncnc4cnc(N(C)CCN5CCCC5)nc34)c2)cc1C(F)(F)F,8.5229
3d4q,CHEMBL3694072,COc1ccc(NC(=O)c2ccc(Cl)c(Nc3ncnc4cnc(N5CCN(C)CC5)nc34)c2)cc1C(F)(F)F,8.1549
3d4q,CHEMBL3694073,COc1ccc(NC(=O)c2ccc(Cl)c(Nc3ncnc4cnc(N5CCCCC5)nc34)c2)cc1C(F)(F)F,8.2218
3d4q,CHEMBL3694075,COc1ccc(NC(=O)c2ccc(Cl)c(Nc3ncnc4cnc(N5CCOCC5)nc34)c2)cc1C(F)(F)F,8.699
3d4q,CHEMBL3694076,COc1ccc(NC(=O)c2ccc(Cl)c(Nc3ncnc4cnc(N5CCCC5)nc34)c2)cc1C(F)(F)F,8.0458
3d4q,CHEMBL3694077,COc1ccc(NC(=O)c2ccc(Cl)c(Nc3ncnc4cnc(NCCN(C)C)nc34)c2)cc1C(F)(F)F,8.5229
3d4q,CHEMBL3694079,COc1ccc(NC(=O)c2ccc(Cl)c(Nc3ncnc4cnc(N(C)C)nc34)c2)cc1C(F)(F)F,8.699
3d4q,CHEMBL3694080,COCCN(C)c1ncc2ncnc(Nc3cc(C(=O)Nc4ccc(OC)c(C(F)(F)F)c4)ccc3OC)c2n1,8.5229
3d4q,CHEMBL3694081,COc1ccc(C(=O)Nc2ccc(OC)c(C(F)(F)F)c2)cc1Nc1ncnc2cnc(N(C)CCN(C)C)nc12,8.3979
3d4q,CHEMBL3694082,COc1ccc(C(=O)Nc2ccc(OC)c(C(F)(F)F)c2)cc1Nc1ncnc2cnc(N3CCCCCC3)nc12,9
3d4q,CHEMBL3694083,COc1ccc(C(=O)Nc2ccc(OC)c(C(F)(F)F)c2)cc1Nc1ncnc2cnc(N3CCCN(C)CC3)nc12,8.5229
3d4q,CHEMBL3694084,COc1ccc(C(=O)Nc2ccc(OC)c(C(F)(F)F)c2)cc1Nc1ncnc2cnc(N(C)CCN3CCCC3)nc12,8.5229
3d4q,CHEMBL3694085,COc1ccc(C(=O)Nc2ccc(OC)c(C(F)(F)F)c2)cc1Nc1ncnc2cnc(N3CCN(C)CC3)nc12,8.2218
3d4q,CHEMBL3694086,COc1ccc(C(=O)Nc2ccc(OC)c(C(F)(F)F)c2)cc1Nc1ncnc2cnc(N3CCCCC3)nc12,8.1549
3d4q,CHEMBL3694088,COc1ccc(C(=O)Nc2ccc(OC)c(C(F)(F)F)c2)cc1Nc1ncnc2cnc(N3CCOCC3)nc12,8.699
3d4q,CHEMBL3694089,COc1ccc(C(=O)Nc2ccc(OC)c(C(F)(F)F)c2)cc1Nc1ncnc2cnc(N3CCCC3)nc12,7.6198
3d4q,CHEMBL3694090,COc1ccc(C(=O)Nc2ccc(OC)c(C(F)(F)F)c2)cc1Nc1ncnc2cnc(NCCN(C)C)nc12,8.0969
3d4q,CHEMBL3694092,COc1ccc(C(=O)Nc2ccc(OC)c(C(F)(F)F)c2)cc1Nc1ncnc2cnc(N(C)C)nc12,8.699
3d4q,CHEMBL3694093,COCCN(C)c1ncc2ncnc(Nc3cc(C(=O)Nc4ccc(OC)c(C(F)(F)F)c4)ccc3F)c2n1,8.699
3d4q,CHEMBL3694094,COc1ccc(NC(=O)c2ccc(F)c(Nc3ncnc4cnc(N(C)CCN(C)C)nc34)c2)cc1C(F)(F)F,10
3d4q,CHEMBL3694095,COc1ccc(NC(=O)c2ccc(F)c(Nc3ncnc4cnc(N5CCCCCC5)nc34)c2)cc1C(F)(F)F,9
3d4q,CHEMBL3694096,COc1ccc(NC(=O)c2ccc(F)c(Nc3ncnc4cnc(N(C)CCN5CCCC5)nc34)c2)cc1C(F)(F)F,9
3d4q,CHEMBL3694097,COc1ccc(NC(=O)c2ccc(F)c(Nc3ncnc4cnc(N5CCN(C)CC5)nc34)c2)cc1C(F)(F)F,8.699
3d4q,CHEMBL3694098,COc1ccc(NC(=O)c2ccc(F)c(Nc3ncnc4cnc(N5CCCCC5)nc34)c2)cc1C(F)(F)F,8.301
3d4q,CHEMBL3694100,COc1ccc(NC(=O)c2ccc(F)c(Nc3ncnc4cnc(N5CCOCC5)nc34)c2)cc1C(F)(F)F,8.3979
3d4q,CHEMBL3694101,COc1ccc(NC(=O)c2ccc(F)c(Nc3ncnc4cnc(N5CCCC5)nc34)c2)cc1C(F)(F)F,8.301
3d4q,CHEMBL3694102,COc1ccc(NC(=O)c2ccc(F)c(Nc3ncnc4cnc(NCCN(C)C)nc34)c2)cc1C(F)(F)F,8.699
3d4q,CHEMBL3694104,COc1ccc(NC(=O)c2ccc(F)c(Nc3ncnc4cnc(N(C)C)nc34)c2)cc1C(F)(F)F,9
3d4q,CHEMBL3694105,COCCN(C)c1ncc2ncnc(Nc3cc(C(=O)Nc4ccc(OC)c(C(F)(F)F)c4)ccc3C(F)(F)F)c2n1,7.1938
3d4q,CHEMBL3694106,COc1ccc(NC(=O)c2ccc(C(F)(F)F)c(Nc3ncnc4cnc(N(C)CCN(C)C)nc34)c2)cc1C(F)(F)F,6.0123
3d4q,CHEMBL3694107,COc1ccc(NC(=O)c2ccc(C(F)(F)F)c(Nc3ncnc4cnc(N5CCCCCC5)nc34)c2)cc1C(F)(F)F,4.699
3d4q,CHEMBL3694108,COc1ccc(NC(=O)c2ccc(C(F)(F)F)c(Nc3ncnc4cnc(N5CCCN(C)CC5)nc34)c2)cc1C(F)(F)F,6.5482
3d4q,CHEMBL3694109,COc1ccc(NC(=O)c2ccc(C(F)(F)F)c(Nc3ncnc4cnc(N(C)CCN5CCCC5)nc34)c2)cc1C(F)(F)F,6.3458
3d4q,CHEMBL3694110,COc1ccc(NC(=O)c2ccc(C(F)(F)F)c(Nc3ncnc4cnc(N5CCN(C)CC5)nc34)c2)cc1C(F)(F)F,7.0223
3d4q,CHEMBL3694111,COc1ccc(NC(=O)c2ccc(C(F)(F)F)c(Nc3ncnc4cnc(N5CCCCC5)nc34)c2)cc1C(F)(F)F,5
3d4q,CHEMBL3694113,COc1ccc(NC(=O)c2ccc(C(F)(F)F)c(Nc3ncnc4cnc(N5CCOCC5)nc34)c2)cc1C(F)(F)F,8.301
3d4q,CHEMBL3694114,COc1ccc(NC(=O)c2ccc(C(F)(F)F)c(Nc3ncnc4cnc(N5CCCC5)nc34)c2)cc1C(F)(F)F,6.4191
3d4q,CHEMBL3694115,COc1ccc(NC(=O)c2ccc(C(F)(F)F)c(Nc3ncnc4cnc(NCCN(C)C)nc34)c2)cc1C(F)(F)F,5.6515
3d4q,CHEMBL3694117,COc1ccc(NC(=O)c2ccc(C(F)(F)F)c(Nc3ncnc4cnc(N(C)C)nc34)c2)cc1C(F)(F)F,6.2652
3d4q,CHEMBL3694118,COCCN(C)c1ncc2ncnc(Nc3cc(C(=O)Nc4cc(C(C)(C)C)on4)ccc3C(F)(F)F)c2n1,5.8239
3d4q,CHEMBL3694119,CN(C)CCN(C)c1ncc2ncnc(Nc3cc(C(=O)Nc4cc(C(C)(C)C)on4)ccc3C(F)(F)F)c2n1,5.7014
3d4q,CHEMBL3694120,CC(C)(C)c1cc(NC(=O)c2ccc(C(F)(F)F)c(Nc3ncnc4cnc(N5CCCCCC5)nc34)c2)no1,5.7383
3d4q,CHEMBL3694121,CN1CCCN(c2ncc3ncnc(Nc4cc(C(=O)Nc5cc(C(C)(C)C)on5)ccc4C(F)(F)F)c3n2)CC1,7.0555
3d4q,CHEMBL3694122,CN(CCN1CCCC1)c1ncc2ncnc(Nc3cc(C(=O)Nc4cc(C(C)(C)C)on4)ccc3C(F)(F)F)c2n1,6.0783
3d4q,CHEMBL3694123,CN1CCN(c2ncc3ncnc(Nc4cc(C(=O)Nc5cc(C(C)(C)C)on5)ccc4C(F)(F)F)c3n2)CC1,6.6383
3d4q,CHEMBL3694124,CC(C)(C)c1cc(NC(=O)c2ccc(C(F)(F)F)c(Nc3ncnc4cnc(N5CCCCC5)nc34)c2)no1,5.6494
3d4q,CHEMBL3694126,CC(C)(C)c1cc(NC(=O)c2ccc(C(F)(F)F)c(Nc3ncnc4cnc(N5CCOCC5)nc34)c2)no1,7.8861
3d4q,CHEMBL3694127,CC(C)(C)c1cc(NC(=O)c2ccc(C(F)(F)F)c(Nc3ncnc4cnc(N5CCCC5)nc34)c2)no1,5
3d4q,CHEMBL3694128,CN(C)CCNc1ncc2ncnc(Nc3cc(C(=O)Nc4cc(C(C)(C)C)on4)ccc3C(F)(F)F)c2n1,5.3798
3d4q,CHEMBL3694130,COCCN(C)c1ncc2ncnc(Nc3cc(C(=O)Nc4cc(C(C)(C)C)on4)ccc3Cl)c2n1,8.301
3d4q,CHEMBL3694131,CC(C)(C)c1cc(NC(=O)c2ccc(Cl)c(Nc3ncnc4cnc(N5CCCCCC5)nc34)c2)no1,8.0969
3d4q,CHEMBL3694132,CN(C)c1ncc2ncnc(Nc3cc(C(=O)Nc4cc(C(C)(C)C)on4)ccc3Cl)c2n1,8.2218
3d4q,CHEMBL3694133,CN1CCCN(c2ncc3ncnc(Nc4cc(C(=O)Nc5cc(C(C)(C)C)on5)ccc4Cl)c3n2)CC1,8.3979
3d4q,CHEMBL3694134,CN(CCN1CCCC1)c1ncc2ncnc(Nc3cc(C(=O)Nc4cc(C(C)(C)C)on4)ccc3Cl)c2n1,8.5229
3d4q,CHEMBL3694135,CN1CCN(c2ncc3ncnc(Nc4cc(C(=O)Nc5cc(C(C)(C)C)on5)ccc4Cl)c3n2)CC1,8.3979
3d4q,CHEMBL3694136,CC(C)(C)c1cc(NC(=O)c2ccc(Cl)c(Nc3ncnc4cnc(N5CCCCC5)nc34)c2)no1,8.3979
3d4q,CHEMBL3694138,CC(C)(C)c1cc(NC(=O)c2ccc(Cl)c(Nc3ncnc4cnc(N5CCOCC5)nc34)c2)no1,9
3d4q,CHEMBL3694139,CC(C)(C)c1cc(NC(=O)c2ccc(Cl)c(Nc3ncnc4cnc(N5CCCC5)nc34)c2)no1,7.9586
3d4q,CHEMBL3694140,CN(C)CCNc1ncc2ncnc(Nc3cc(C(=O)Nc4cc(C(C)(C)C)on4)ccc3Cl)c2n1,8.699
3d4q,CHEMBL3694142,CN(C)CCN(C)c1ncc2ncnc(Nc3cc(C(=O)Nc4cc(C(C)(C)C)on4)ccc3Cl)c2n1,9
3d4q,CHEMBL3694143,COCCN(C)c1ncc2ncnc(Nc3cc(C(=O)Nc4cc(C(C)(C)C)on4)ccc3OC)c2n1,8.2218
3d4q,CHEMBL3694144,COc1ccc(C(=O)Nc2cc(C(C)(C)C)on2)cc1Nc1ncnc2cnc(N3CCOCC3)nc12,8.699
3d4q,CHEMBL3694145,COc1ccc(C(=O)Nc2cc(C(C)(C)C)on2)cc1Nc1ncnc2cnc(N3CCCC3)nc12,7.699
3d4q,CHEMBL3694146,COc1ccc(C(=O)Nc2cc(C(C)(C)C)on2)cc1Nc1ncnc2cnc(N(C)C)nc12,8.0969
3d4q,CHEMBL3694147,COCCN(C)c1ncc2ncnc(Nc3cc(C(=O)Nc4cc(C(C)(C)C)on4)ccc3F)c2n1,8.699
3d4q,CHEMBL3694148,CC(C)(C)c1cc(NC(=O)c2ccc(F)c(Nc3ncnc4cnc(N5CCCCCC5)nc34)c2)no1,8.1549
3d4q,CHEMBL3694149,CN1CCCN(c2ncc3ncnc(Nc4cc(C(=O)Nc5cc(C(C)(C)C)on5)ccc4F)c3n2)CC1,10
3d4q,CHEMBL3694150,COc1ccc(C(=O)Nc2cc(C(C)(C)C)on2)cc1Nc1ncnc2cnc(N3CCCCCC3)nc12,8.5229
3d4q,CHEMBL3694151,CC(C)(C)c1cc(NC(=O)c2ccc(F)c(Nc3ncnc4cnc(N5CCCCC5)nc34)c2)no1,8.301
3d4q,CHEMBL3694152,CC(C)(C)c1cc(NC(=O)c2ccc(F)c(Nc3ncnc4cnc(N5CCOCC5)nc34)c2)no1,8.3979
3d4q,CHEMBL3694153,CC(C)(C)c1cc(NC(=O)c2ccc(F)c(Nc3ncnc4cnc(N5CCCC5)nc34)c2)no1,8.301
3d4q,CHEMBL3694154,CN(C)CCNc1ncc2ncnc(Nc3cc(C(=O)Nc4cc(C(C)(C)C)on4)ccc3F)c2n1,9
3d4q,CHEMBL3694156,CN(C)c1ncc2ncnc(Nc3cc(C(=O)Nc4cc(C(C)(C)C)on4)ccc3F)c2n1,9
3d4q,CHEMBL3694157,CNc1ncc2ncnc(Nc3cc(C(=O)Nc4cc(C(C)(C)C)on4)ccc3F)c2n1,8.2218
3d4q,CHEMBL3694158,COc1ccc(C(=O)Nc2cc(C(C)(C)C)on2)cc1Nc1ncnc2cnc(N3CCN(C)CC3)nc12,8.699
3d4q,CHEMBL3694159,COc1ccc(C(=O)Nc2cc(C(C)(C)C)on2)cc1Nc1ncnc2cnc(N3CCCN(C)CC3)nc12,8.699
3d4q,CHEMBL3694160,COCCN(C)c1ncc2ncnc(Nc3cc(C(=O)Nc4cc(CN5CCCC5)cc(C(F)(F)F)c4)ccc3C)c2n1,8.699
3d4q,CHEMBL3694161,Cc1ccc(C(=O)Nc2cc(CN3CCCC3)cc(C(F)(F)F)c2)cc1Nc1ncnc2cnc(N3CCSCC3)nc12,8.301
3d4q,CHEMBL3694162,Cc1ccc(C(=O)Nc2cc(CN3CCCC3)cc(C(F)(F)F)c2)cc1Nc1ncnc2cnc(N3CCC3)nc12,8.3979
3d4q,CHEMBL3694163,Cc1ccc(C(=O)Nc2cc(CN3CCCC3)cc(C(F)(F)F)c2)cc1Nc1ncnc2cnc(NCCF)nc12,9
3d4q,CHEMBL3694164,Cc1ccc(C(=O)Nc2cc(CN3CCCC3)cc(C(F)(F)F)c2)cc1Nc1ncnc2cnc(N3CCC(F)(F)CC3)nc12,8.3979
3d4q,CHEMBL3694165,Cc1ccc(C(=O)Nc2cc(CN3CCCC3)cc(C(F)(F)F)c2)cc1Nc1ncnc2cnc(N3CCC(F)CC3)nc12,8.699
3d4q,CHEMBL3694166,Cc1ccc(C(=O)Nc2cc(CN3CCCC3)cc(C(F)(F)F)c2)cc1Nc1ncnc2cnc(NCC3CCOC3)nc12,9
3d4q,CHEMBL3694167,Cc1ccc(C(=O)Nc2cc(CN3CCCC3)cc(C(F)(F)F)c2)cc1Nc1ncnc2cnc(NCc3ccccc3)nc12,8.5229
3d4q,CHEMBL3694168,Cc1ccc(C(=O)Nc2cc(CN3CCCC3)cc(C(F)(F)F)c2)cc1Nc1ncnc2cnc(N3CCCCC3)nc12,8.699
3d4q,CHEMBL3694169,Cc1ccc(C(=O)Nc2cc(CN3CCCC3)cc(C(F)(F)F)c2)cc1Nc1ncnc2cnc(NCc3cccnc3)nc12,9
3d4q,CHEMBL3694170,Cc1ccc(C(=O)Nc2cc(CN3CCCC3)cc(C(F)(F)F)c2)cc1Nc1ncnc2cnc(N3CCOCC3)nc12,10
3d4q,CHEMBL3694171,Cc1ccc(C(=O)Nc2cc(CN3CCCC3)cc(C(F)(F)F)c2)cc1Nc1ncnc2cnc(N3CCCC3)nc12,8.699
3d4q,CHEMBL3694172,COCCNc1ncc2ncnc(Nc3cc(C(=O)Nc4cc(CN5CCCC5)cc(C(F)(F)F)c4)ccc3C)c2n1,9
3d4q,CHEMBL3694173,Cc1ccc(C(=O)Nc2cc(CN3CCCC3)cc(C(F)(F)F)c2)cc1Nc1ncnc2cnc(NC3CC3)nc12,10
3d4q,CHEMBL3694174,Cc1ccc(C(=O)Nc2cc(CN3CCCC3)cc(C(F)(F)F)c2)cc1Nc1ncnc2cnc(NCC(C)C)nc12,8.699
3d4q,CHEMBL3694175,Cc1ccc(C(=O)Nc2cc(CN3CCCC3)cc(C(F)(F)F)c2)cc1Nc1ncnc2cnc(NCc3ccccn3)nc12,8.699
3d4q,CHEMBL3694176,Cc1ccc(C(=O)Nc2cc(CN3CCCC3)cc(C(F)(F)F)c2)cc1Nc1ncnc2cnc(NCc3ccncc3)nc12,8.699
3d4q,CHEMBL3694177,Cc1ccc(C(=O)Nc2cc(CN3CCCC3)cc(C(F)(F)F)c2)cc1Nc1ncnc2cnc(N(C)C)nc12,8.699
3d4q,CHEMBL3694178,CNc1ncc2ncnc(Nc3cc(C(=O)Nc4cc(CN5CCCC5)cc(C(F)(F)F)c4)ccc3C)c2n1,10
3d4q,CHEMBL3694179,CCN(CC)c1ncc2ncnc(Nc3cc(C(=O)Nc4cc(CN5CCCC5)cc(C(F)(F)F)c4)ccc3C)c2n1,8.699
3d4q,CHEMBL3694180,Cc1ccc(C(=O)Nc2cc(CN3CCCC3)cc(C(F)(F)F)c2)cc1Nc1ncnc2cnc(NCCc3ccccc3)nc12,8.699
3d4q,CHEMBL3694181,COCCN(C)c1ncc2ncnc(Nc3cc(C(=O)Nc4ccc(N(C)CCN(C)C)c(C(F)(F)F)c4)ccc3C)c2n1,8.5229
3d4q,CHEMBL3694182,Cc1ccc(C(=O)Nc2ccc(N(C)CCN(C)C)c(C(F)(F)F)c2)cc1Nc1ncnc2cnc(N3CCCCCC3)nc12,8.5229
3d4q,CHEMBL3694183,Cc1ccc(C(=O)Nc2ccc(N(C)CCN(C)C)c(C(F)(F)F)c2)cc1Nc1ncnc2cnc(N3CCSCC3)nc12,8.699
3d4q,CHEMBL3694184,Cc1ccc(C(=O)Nc2ccc(N(C)CCN(C)C)c(C(F)(F)F)c2)cc1Nc1ncnc2cnc(N3CCC3)nc12,8.699
3d4q,CHEMBL3694185,Cc1ccc(C(=O)Nc2ccc(N(C)CCN(C)C)c(C(F)(F)F)c2)cc1Nc1ncnc2cnc(NCCF)nc12,10
3d4q,CHEMBL3694186,Cc1ccc(C(=O)Nc2ccc(N(C)CCN(C)C)c(C(F)(F)F)c2)cc1Nc1ncnc2cnc(N3CCC(F)(F)CC3)nc12,8.5229
3d4q,CHEMBL3694187,Cc1ccc(C(=O)Nc2ccc(N(C)CCN(C)C)c(C(F)(F)F)c2)cc1Nc1ncnc2cnc(N3CCC(F)CC3)nc12,8.3979
3d4q,CHEMBL3694189,Cc1ccc(C(=O)Nc2ccc(N(C)CCN(C)C)c(C(F)(F)F)c2)cc1Nc1ncnc2cnc(NCc3ccccc3)nc12,8.5229
3d4q,CHEMBL3694190,Cc1ccc(C(=O)Nc2ccc(N(C)CCN(C)C)c(C(F)(F)F)c2)cc1Nc1ncnc2cnc(N3CCCCC3)nc12,8.5229
3d4q,CHEMBL3694191,Cc1ccc(C(=O)Nc2ccc(N(C)CCN(C)C)c(C(F)(F)F)c2)cc1Nc1ncnc2cnc(NCc3cccnc3)nc12,8.699
3d4q,CHEMBL3694192,Cc1ccc(C(=O)Nc2ccc(N(C)CCN(C)C)c(C(F)(F)F)c2)cc1Nc1ncnc2cnc(N3CCOCC3)nc12,8.5229
3d4q,CHEMBL3694193,Cc1ccc(C(=O)Nc2ccc(N(C)CCN(C)C)c(C(F)(F)F)c2)cc1Nc1ncnc2cnc(N3CCCC3)nc12,8.699
3d4q,CHEMBL3694194,COCCNc1ncc2ncnc(Nc3cc(C(=O)Nc4ccc(N(C)CCN(C)C)c(C(F)(F)F)c4)ccc3C)c2n1,10
3d4q,CHEMBL3694195,Cc1ccc(C(=O)Nc2ccc(N(C)CCN(C)C)c(C(F)(F)F)c2)cc1Nc1ncnc2cnc(NC3CC3)nc12,10
3d4q,CHEMBL3694196,Cc1ccc(C(=O)Nc2ccc(N(C)CCN(C)C)c(C(F)(F)F)c2)cc1Nc1ncnc2cnc(NCC(C)C)nc12,8.699
3d4q,CHEMBL3694197,Cc1ccc(C(=O)Nc2ccc(N(C)CCN(C)C)c(C(F)(F)F)c2)cc1Nc1ncnc2cnc(NCc3ccccn3)nc12,8.3979
3d4q,CHEMBL3694198,Cc1ccc(C(=O)Nc2ccc(N(C)CCN(C)C)c(C(F)(F)F)c2)cc1Nc1ncnc2cnc(NCc3ccncc3)nc12,8.5229
3d4q,CHEMBL3694199,Cc1ccc(C(=O)Nc2ccc(N(C)CCN(C)C)c(C(F)(F)F)c2)cc1Nc1ncnc2cnc(N(C)C)nc12,8.5229
3d4q,CHEMBL3694200,CNc1ncc2ncnc(Nc3cc(C(=O)Nc4ccc(N(C)CCN(C)C)c(C(F)(F)F)c4)ccc3C)c2n1,10
3d4q,CHEMBL3694201,CCN(CC)c1ncc2ncnc(Nc3cc(C(=O)Nc4ccc(N(C)CCN(C)C)c(C(F)(F)F)c4)ccc3C)c2n1,8.5229
3d4q,CHEMBL3694202,Cc1ccc(C(=O)Nc2ccc(N(C)CCN(C)C)c(C(F)(F)F)c2)cc1Nc1ncnc2cnc(NCCc3ccccc3)nc12,8.301
3d4q,CHEMBL3694203,COCCN(C)c1ncc2ncnc(Nc3cc(C(=O)Nc4cc(OCCN(C)C)cc(C(F)(F)F)c4)ccc3C)c2n1,8.699
3d4q,CHEMBL3694204,Cc1ccc(C(=O)Nc2cc(OCCN(C)C)cc(C(F)(F)F)c2)cc1Nc1ncnc2cnc(N3CCSCC3)nc12,8.5229
3d4q,CHEMBL3694205,Cc1ccc(C(=O)Nc2cc(OCCN(C)C)cc(C(F)(F)F)c2)cc1Nc1ncnc2cnc(N3CCC3)nc12,8.699
3d4q,CHEMBL3694206,Cc1ccc(C(=O)Nc2cc(OCCN(C)C)cc(C(F)(F)F)c2)cc1Nc1ncnc2cnc(NCCF)nc12,10
3d4q,CHEMBL3694207,Cc1ccc(C(=O)Nc2cc(OCCN(C)C)cc(C(F)(F)F)c2)cc1Nc1ncnc2cnc(N3CCC(F)CC3)nc12,8.699
3d4q,CHEMBL3694209,Cc1ccc(C(=O)Nc2cc(OCCN(C)C)cc(C(F)(F)F)c2)cc1Nc1ncnc2cnc(NCc3ccccc3)nc12,9
3d4q,CHEMBL3694210,Cc1ccc(C(=O)Nc2cc(OCCN(C)C)cc(C(F)(F)F)c2)cc1Nc1ncnc2cnc(NCc3cccnc3)nc12,9
3d4q,CHEMBL3694211,Cc1ccc(C(=O)Nc2cc(OCCN(C)C)cc(C(F)(F)F)c2)cc1Nc1ncnc2cnc(N3CCOCC3)nc12,10
3d4q,CHEMBL3694212,Cc1ccc(C(=O)Nc2cc(OCCN(C)C)cc(C(F)(F)F)c2)cc1Nc1ncnc2cnc(N3CCCC3)nc12,8.699
3d4q,CHEMBL3694213,COCCNc1ncc2ncnc(Nc3cc(C(=O)Nc4cc(OCCN(C)C)cc(C(F)(F)F)c4)ccc3C)c2n1,9
3d4q,CHEMBL3694214,Cc1ccc(C(=O)Nc2cc(OCCN(C)C)cc(C(F)(F)F)c2)cc1Nc1ncnc2cnc(NC3CC3)nc12,10
3d4q,CHEMBL3694215,Cc1ccc(C(=O)Nc2cc(OCCN(C)C)cc(C(F)(F)F)c2)cc1Nc1ncnc2cnc(NCC(C)C)nc12,10
3d4q,CHEMBL3694216,Cc1ccc(C(=O)Nc2cc(OCCN(C)C)cc(C(F)(F)F)c2)cc1Nc1ncnc2cnc(NCc3ccccn3)nc12,8.3979
3d4q,CHEMBL3694217,Cc1ccc(C(=O)Nc2cc(OCCN(C)C)cc(C(F)(F)F)c2)cc1Nc1ncnc2cnc(N(C)C)nc12,8.699
3d4q,CHEMBL3694218,CNc1ncc2ncnc(Nc3cc(C(=O)Nc4cc(OCCN(C)C)cc(C(F)(F)F)c4)ccc3C)c2n1,10
3d4q,CHEMBL3694219,CCN(CC)c1ncc2ncnc(Nc3cc(C(=O)Nc4cc(OCCN(C)C)cc(C(F)(F)F)c4)ccc3C)c2n1,8.5229
3d4q,CHEMBL3694220,Cc1ccc(C(=O)Nc2cc(N(C)CCN(C)C)cc(C(F)(F)F)c2)cc1Nc1ncnc2cnc(N3CCCCCC3)nc12,8.1549
3d4q,CHEMBL3694221,Cc1ccc(C(=O)Nc2cc(N(C)CCN(C)C)cc(C(F)(F)F)c2)cc1Nc1ncnc2cnc(N3CCSCC3)nc12,8.301
3d4q,CHEMBL3694222,Cc1ccc(C(=O)Nc2cc(N(C)CCN(C)C)cc(C(F)(F)F)c2)cc1Nc1ncnc2cnc(N3CCC3)nc12,8.5229
3d4q,CHEMBL3694223,Cc1ccc(C(=O)Nc2cc(N(C)CCN(C)C)cc(C(F)(F)F)c2)cc1Nc1ncnc2cnc(N3CC[S+]([O-])CC3)nc12,8.2218
3d4q,CHEMBL3694224,Cc1ccc(C(=O)Nc2cc(N(C)CCN(C)C)cc(C(F)(F)F)c2)cc1Nc1ncnc2cnc(NCCF)nc12,10
3d4q,CHEMBL3694225,Cc1ccc(C(=O)Nc2cc(N(C)CCN(C)C)cc(C(F)(F)F)c2)cc1Nc1ncnc2cnc(N3CCC(F)(F)CC3)nc12,8.0458
3d4q,CHEMBL3694226,Cc1ccc(C(=O)Nc2cc(N(C)CCN(C)C)cc(C(F)(F)F)c2)cc1Nc1ncnc2cnc(N3CCC(F)CC3)nc12,8.699
3d4q,CHEMBL3694228,Cc1ccc(C(=O)Nc2cc(N(C)CCN(C)C)cc(C(F)(F)F)c2)cc1Nc1ncnc2cnc(NCc3ccccc3)nc12,8.3979
3d4q,CHEMBL3694229,Cc1ccc(C(=O)Nc2cc(N(C)CCN(C)C)cc(C(F)(F)F)c2)cc1Nc1ncnc2cnc(N3CCCCC3)nc12,8.301
3d4q,CHEMBL3694230,Cc1ccc(C(=O)Nc2cc(N(C)CCN(C)C)cc(C(F)(F)F)c2)cc1Nc1ncnc2cnc(NCc3cccnc3)nc12,10
3d4q,CHEMBL3694231,COCCNc1ncc2ncnc(Nc3cc(C(=O)Nc4cc(N(C)CCN(C)C)cc(C(F)(F)F)c4)ccc3C)c2n1,9
3d4q,CHEMBL3697717,Cc1ccc(C(=O)Nc2cc(N(C)CCN(C)C)cc(C(F)(F)F)c2)cc1Nc1ncnc2cnc(NC3CC3)nc12,10
3d4q,CHEMBL3697718,Cc1ccc(C(=O)Nc2cc(N(C)CCN(C)C)cc(C(F)(F)F)c2)cc1Nc1ncnc2cnc(NCC(C)C)nc12,8.5229
3d4q,CHEMBL3697719,Cc1ccc(C(=O)Nc2cc(N(C)CCN(C)C)cc(C(F)(F)F)c2)cc1Nc1ncnc2cnc(NCc3ccccn3)nc12,8.699
3d4q,CHEMBL3697720,Cc1ccc(C(=O)Nc2cc(N(C)CCN(C)C)cc(C(F)(F)F)c2)cc1Nc1ncnc2cnc(NCc3ccncc3)nc12,9
3d4q,CHEMBL3697721,Cc1ccc(C(=O)Nc2cc(N(C)CCN(C)C)cc(C(F)(F)F)c2)cc1Nc1ncnc2cnc(N(C)C)nc12,8.699
3d4q,CHEMBL3697722,CNc1ncc2ncnc(Nc3cc(C(=O)Nc4cc(N(C)CCN(C)C)cc(C(F)(F)F)c4)ccc3C)c2n1,10
3d4q,CHEMBL3697723,CCN(CC)c1ncc2ncnc(Nc3cc(C(=O)Nc4cc(N(C)CCN(C)C)cc(C(F)(F)F)c4)ccc3C)c2n1,8.3979
3d4q,CHEMBL3697724,Cc1ccc(C(=O)Nc2cc(N(C)CCN(C)C)cc(C(F)(F)F)c2)cc1Nc1ncnc2cnc(NCC(F)(F)F)nc12,8.699
3d4q,CHEMBL3697726,Cc1ccc(C(=O)Nc2cccc(C(C)(C)C#N)c2)cc1Nc1ncnc2cnc(N3CCCN(C)CC3)nc12,8.5229
3d4q,CHEMBL3697728,Cc1ccc(C(=O)NCc2cccc(C(F)(F)F)c2)cc1Nc1ncnc2cnc(N3CCCN(C)CC3)nc12,6.6108
3d4q,CHEMBL3697729,Cc1ccc(C(=O)NC2CCCCC2)cc1Nc1ncnc2cnc(N3CCCN(C)CC3)nc12,3.8239
3d4q,CHEMBL3697730,Cc1ccc(C(=O)Nc2ccccc2)cc1Nc1ncnc2cnc(N3CCCN(C)CC3)nc12,5.5406
3d4q,CHEMBL3697731,Cc1ccc(C(=O)NC2CC2)cc1Nc1ncnc2cnc(N3CCCN(C)CC3)nc12,3.8239
3d4q,CHEMBL3697734,Cc1ccc(C(=O)NCc2cccc(C(F)(F)F)c2)cc1Nc1ncnc2cnc(N3CCN(C)CC3)nc12,6.983
3d4q,CHEMBL3697735,Cc1ccc(C(=O)NC2CCCCC2)cc1Nc1ncnc2cnc(N3CCN(C)CC3)nc12,3.8239
3d4q,CHEMBL3697736,Cc1ccc(C(=O)Nc2ccccc2)cc1Nc1ncnc2cnc(N3CCN(C)CC3)nc12,5.8139
3d4q,CHEMBL3697737,Cc1ccc(C(=O)NC2CC2)cc1Nc1ncnc2cnc(N3CCN(C)CC3)nc12,3.8239
3d4q,CHEMBL3697740,Cc1ccc(C(=O)NC2CC2)cc1Nc1ncnc2cnc(N3CCOCC3)nc12,4.699
3d4q,CHEMBL3697744,Cc1ccc(C(=O)Nc2cccc(C(C)(C)C#N)c2)cc1Nc1ncnc2cnc(N(C)CCN(C)C)nc12,7.9586
3d4q,CHEMBL3697746,Cc1ccc(C(=O)NCc2cccc(C(F)(F)F)c2)cc1Nc1ncnc2cnc(N(C)CCN(C)C)nc12,6.0128
3d4q,CHEMBL3697748,Cc1ccc(C(=O)Nc2ccccc2)cc1Nc1ncnc2cnc(N(C)CCN(C)C)nc12,4.699
3d4q,CHEMBL3697752,Cc1ccc(C(=O)Nc2cccc(C(C)(C)C#N)c2)cc1Nc1ncnc2cnc(N3CCC(F)C3)nc12,8.699
3d4q,CHEMBL3697753,Cc1ccc(C(=O)NCc2cccc(C(F)(F)F)c2)cc1Nc1ncnc2cnc(N3CCC(F)C3)nc12,7.9586
3d4q,CHEMBL3697754,Cc1ccc(C(=O)NC2CCCCC2)cc1Nc1ncnc2cnc(N3CCC(F)C3)nc12,4.699
3d4q,CHEMBL3697755,Cc1ccc(C(=O)Nc2ccccc2)cc1Nc1ncnc2cnc(N3CCC(F)C3)nc12,6.7905
3d4q,CHEMBL3697756,Cc1ccc(C(=O)NC2CC2)cc1Nc1ncnc2cnc(N3CCC(F)C3)nc12,4.699
3d4q,CHEMBL3697759,Cc1ccc(C(=O)Nc2cccc(C(C)(C)C#N)c2)cc1Nc1ncnc2cnc(N3CCCCC3)nc12,8.5229
3d4q,CHEMBL3697760,Cc1ccc(C(=O)NCc2cccc(C(F)(F)F)c2)cc1Nc1ncnc2cnc(N3CCCCC3)nc12,7.2518
3d4q,CHEMBL3697761,Cc1ccc(C(=O)NC2CCCCC2)cc1Nc1ncnc2cnc(N3CCCCC3)nc12,4
3d4q,CHEMBL3697762,Cc1ccc(C(=O)Nc2ccc(F)c(C(F)(F)F)c2)cc1Nc1ncnc2cnc(N3CCCN(C)CC3)nc12,8.5229
3d4q,CHEMBL3697763,Cc1ccc(C(=O)Nc2cccc(C(F)(F)F)c2)cc1Nc1ncnc2cnc(N3CCCN(C)CC3)nc12,8.699
3d4q,CHEMBL3697764,Cc1ccc(C(=O)NCc2ccc(C(C)(C)C)cc2)cc1Nc1ncnc2cnc(N3CCCN(C)CC3)nc12,6.5331
3d4q,CHEMBL3697765,COc1ccc(C(F)(F)F)cc1NC(=O)c1ccc(C)c(Nc2ncnc3cnc(N4CCCN(C)CC4)nc23)c1,8.0969
3d4q,CHEMBL3697766,Cc1ccc(C(=O)Nc2ccc(Cl)c(C(F)(F)F)c2)cc1Nc1ncnc2cnc(N3CCCN(C)CC3)nc12,8.301
3d4q,CHEMBL3697767,Cc1ccc(C(=O)NCc2ccc(C(F)(F)F)cc2)cc1Nc1ncnc2cnc(N3CCCN(C)CC3)nc12,6.767
3d4q,CHEMBL3697768,Cc1ccc(C(=O)Nc2cccc(OC(F)(F)F)c2)cc1Nc1ncnc2cnc(N3CCCN(C)CC3)nc12,10
3d4q,CHEMBL3697769,Cc1ccc(C(=O)Nc2cccc(N(C)C)c2)cc1Nc1ncnc2cnc(N3CCCN(C)CC3)nc12,7.8239
3d4q,CHEMBL3697770,Cc1ccc(C(=O)Nc2cccc(C(C)(C)C)c2)cc1Nc1ncnc2cnc(N3CCCN(C)CC3)nc12,10
3d4q,CHEMBL3697771,COc1ccc(C(C)(C)C)cc1NC(=O)c1ccc(C)c(Nc2ncnc3cnc(N4CCCN(C)CC4)nc23)c1,8.699
3d4q,CHEMBL3697772,Cc1ccc(C(=O)NCc2ccc(C(C)(C)C)cc2)cc1Nc1ncnc2cnc(N3CCN(C)CC3)nc12,6.9957
3d4q,CHEMBL3697773,Cc1ccc(C(=O)NCc2ccc(C(F)(F)F)cc2)cc1Nc1ncnc2cnc(N3CCN(C)CC3)nc12,7.3872
3d4q,CHEMBL3697774,Cc1ccc(C(=O)Nc2cccc(N(C)C)c2)cc1Nc1ncnc2cnc(N3CCN(C)CC3)nc12,8.301
3d4q,CHEMBL3697775,Cc1ccc(C(=O)Nc2cccc(C(C)(C)C)c2)cc1Nc1ncnc2cnc(N3CCN(C)CC3)nc12,9
3d4q,CHEMBL3697776,COc1ccc(C(C)(C)C)cc1NC(=O)c1ccc(C)c(Nc2ncnc3cnc(N4CCN(C)CC4)nc23)c1,8.2218
3d4q,CHEMBL3697777,Cc1ccc(C(=O)Nc2ccc(F)c(C(F)(F)F)c2)cc1Nc1ncnc2cnc(N(C)CCN(C)C)nc12,7.5376
3d4q,CHEMBL3697778,Cc1ccc(C(=O)Nc2cccc(C(F)(F)F)c2)cc1Nc1ncnc2cnc(N(C)CCN(C)C)nc12,8.3979
3d4q,CHEMBL3697779,Cc1ccc(C(=O)NCc2ccc(C(C)(C)C)cc2)cc1Nc1ncnc2cnc(N(C)CCN(C)C)nc12,6.2434
3d4q,CHEMBL3697781,Cc1ccc(C(=O)Nc2ccc(Cl)c(C(F)(F)F)c2)cc1Nc1ncnc2cnc(N(C)CCN(C)C)nc12,8.699
3d4q,CHEMBL3697782,Cc1ccc(C(=O)NCc2ccc(C(F)(F)F)cc2)cc1Nc1ncnc2cnc(N(C)CCN(C)C)nc12,5.9492
3d4q,CHEMBL3697783,Cc1ccc(C(=O)Nc2cccc(OC(F)(F)F)c2)cc1Nc1ncnc2cnc(N(C)CCN(C)C)nc12,8.699
3d4q,CHEMBL3697784,Cc1ccc(C(=O)Nc2cccc(N(C)C)c2)cc1Nc1ncnc2cnc(N(C)CCN(C)C)nc12,7.0605
3d4q,CHEMBL3697785,Cc1ccc(C(=O)Nc2cccc(C(C)(C)C)c2)cc1Nc1ncnc2cnc(N(C)CCN(C)C)nc12,8.2218
3d4q,CHEMBL3697787,Cc1ccc(C(=O)NCc2ccc(C(C)(C)C)cc2)cc1Nc1ncnc2cnc(N3CCC(F)C3)nc12,7.3188
3d4q,CHEMBL3697788,Cc1ccc(C(=O)NCc2ccc(C(F)(F)F)cc2)cc1Nc1ncnc2cnc(N3CCC(F)C3)nc12,7.7212
3d4q,CHEMBL3697789,Cc1ccc(C(=O)Nc2cccc(N(C)C)c2)cc1Nc1ncnc2cnc(N3CCC(F)C3)nc12,10
3d4q,CHEMBL3697790,Cc1ccc(C(=O)Nc2cccc(C(C)(C)C)c2)cc1Nc1ncnc2cnc(N3CCC(F)C3)nc12,10
3d4q,CHEMBL3697791,Cc1ccc(C(=O)NCc2ccc(C(C)(C)C)cc2)cc1Nc1ncnc2cnc(N3CCCCC3)nc12,6.3372
3d4q,CHEMBL3697792,Cc1ccc(C(=O)NCc2ccc(C(F)(F)F)cc2)cc1Nc1ncnc2cnc(N3CCCCC3)nc12,7.5376
3d4q,CHEMBL3697793,Cc1ccc(C(=O)Nc2cccc(N(C)C)c2)cc1Nc1ncnc2cnc(N3CCCCC3)nc12,9
3d4q,CHEMBL3697794,Cc1ccc(C(=O)Nc2cccc(C(C)(C)C)c2)cc1Nc1ncnc2cnc(N3CCCCC3)nc12,8.699
3d4q,CHEMBL3697795,COc1ccc(C(C)(C)C)cc1NC(=O)c1ccc(C)c(Nc2ncnc3cnc(N4CCCCC4)nc23)c1,8
3d4q,CHEMBL3697796,Cc1ccc(C(=O)NCc2ccc(C(F)(F)F)cc2)cc1Nc1ncnc2cnc(N3CCCC3)nc12,7.3979
3d4q,CHEMBL3697797,Cc1ccc(C(=O)Nc2cccc(S(=O)(=O)N(C)C)c2)cc1Nc1ncnc2cnc(N3CCCN(C)CC3)nc12,7.7212
3d4q,CHEMBL3697799,Cc1ccc(C(=O)Nc2ccccc2)cc1Nc1ncnc2cnc(N3CCCCC3)nc12,6.5702
3d4q,CHEMBL3697800,Cc1ccc(C(=O)NC2CC2)cc1Nc1ncnc2cnc(N3CCCCC3)nc12,5.699
3d4q,CHEMBL3697803,Cc1ccc(C(=O)NCc2cccc(C(F)(F)F)c2)cc1Nc1ncnc2cnc(N3CCCC3)nc12,7.2147
3d4q,CHEMBL3697804,Cc1ccc(C(=O)NC2CCCCC2)cc1Nc1ncnc2cnc(N3CCCC3)nc12,4.8239
3d4q,CHEMBL3697805,Cc1ccc(C(=O)Nc2ccccc2)cc1Nc1ncnc2cnc(N3CCCC3)nc12,6.2967
3d4q,CHEMBL3697806,Cc1ccc(C(=O)NC2CC2)cc1Nc1ncnc2cnc(N3CCCC3)nc12,5.699
3d4q,CHEMBL3697807,Cc1ccc(C(=O)Nc2cc(C(F)(F)F)ccn2)cc1Nc1ncnc2cnc(N3CCN(C)CC3)nc12,10
3d4q,CHEMBL3697808,COc1ccc(C(F)(F)F)cc1NC(=O)c1ccc(C)c(Nc2ncnc3cnc(N4CCCCC4)nc23)c1,8.0458
3d4q,CHEMBL3697809,Cc1ccc(C(=O)Nc2cccc(N(C)C)c2)cc1Nc1ncnc2cnc(N3CCNCC3)nc12,7.8239
3d4q,CHEMBL3697811,Cc1ccc(C(=O)Nc2ccc(F)c(C(F)(F)F)c2)cc1Nc1ncnc2cnc(N3CCCC3)nc12,8.3979
3d4q,CHEMBL3697812,Cc1ccc(C(=O)Nc2cccc(C(F)(F)F)c2)cc1Nc1ncnc2cnc(N3CCCC3)nc12,9
3d4q,CHEMBL3697813,Cc1ccc(C(=O)NCc2ccc(C(C)(C)C)cc2)cc1Nc1ncnc2cnc(N3CCCC3)nc12,6.0778
3d4q,CHEMBL3697814,COc1ccc(C(F)(F)F)cc1NC(=O)c1ccc(C)c(Nc2ncnc3cnc(N4CCCC4)nc23)c1,6.9208
3d4q,CHEMBL3697815,Cc1ccc(C(=O)Nc2ccc(Cl)c(C(F)(F)F)c2)cc1Nc1ncnc2cnc(N3CCCC3)nc12,7.4815
3d4q,CHEMBL3697816,Cc1ccc(C(=O)Nc2cccc(OC(F)(F)F)c2)cc1Nc1ncnc2cnc(N3CCCC3)nc12,7.699
3d4q,CHEMBL3697817,Cc1ccc(C(=O)Nc2cccc(N(C)C)c2)cc1Nc1ncnc2cnc(N3CCCC3)nc12,8
3d4q,CHEMBL3697818,Cc1ccc(C(=O)Nc2cccc(C(C)(C)C)c2)cc1Nc1ncnc2cnc(N3CCCC3)nc12,8.699
3d4q,CHEMBL3697819,Cc1ccc(C(=O)Nc2ccc(C#N)c(C(F)(F)F)c2)cc1Nc1ncnc2cnc(N3CCCC3)nc12,7.5086
3d4q,CHEMBL3697820,Cc1ccc(C(=O)Nc2cccc(S(=O)(=O)N(C)C)c2)cc1Nc1ncnc2cnc(N3CCCC3)nc12,8.5229
3d4q,CHEMBL3697821,Cc1ccc(C(=O)Nc2cc(C(F)(F)F)ccn2)cc1Nc1ncnc2cnc(N3CCCC3)nc12,8.699
3d4q,CHEMBL3697822,Cc1ccc(C(=O)Nc2cccc(C(C)(C)C#N)c2)cc1Nc1ncnc2cnc(N3CCCC3)nc12,8.2218
3d4q,CHEMBL3697823,Cc1ccc(C(=O)NCc2cccc(C(C)(C)C)c2)cc1Nc1ncnc2cnc(N3CCCC3)nc12,7.0555
3d4q,CHEMBL3697824,Cc1ccc(C(=O)Nc2cc(C(F)(F)F)ccn2)cc1Nc1ncnc2cnc(N(C)CCN(C)C)nc12,8.2218
3d4q,CHEMBL3697826,Cc1ccc(C(=O)Nc2ccc(C#N)c(C(F)(F)F)c2)cc1Nc1ncnc2cnc(N(C)CCN(C)C)nc12,8.301
3d4q,CHEMBL3697828,Cc1ccc(C(=O)Nc2cc(C(F)(F)F)ccn2)cc1Nc1ncnc2cnc(N3CCCN(C)CC3)nc12,8.5229
3d4q,CHEMBL3697829,Cc1ccc(C(=O)Nc2ccc(C#N)c(C(F)(F)F)c2)cc1Nc1ncnc2cnc(N3CCCN(C)CC3)nc12,8.5229
3d4q,CHEMBL3697831,Cc1ccc(C(=O)Nc2ccc(F)c(C(F)(F)F)c2)cc1Nc1ncnc2cnc(N3CCC(F)C3)nc12,8.5229
3d4q,CHEMBL3697832,Cc1ccc(C(=O)Nc2cccc(C(F)(F)F)c2)cc1Nc1ncnc2cnc(N3CCC(F)C3)nc12,9
3d4q,CHEMBL3697833,COc1ccc(C(F)(F)F)cc1NC(=O)c1ccc(C)c(Nc2ncnc3cnc(N4CCC(F)C4)nc23)c1,8.699
3d4q,CHEMBL3697834,Cc1ccc(C(=O)Nc2ccc(Cl)c(C(F)(F)F)c2)cc1Nc1ncnc2cnc(N3CCC(F)C3)nc12,7.8861
3d4q,CHEMBL3697835,Cc1ccc(C(=O)Nc2cccc(OC(F)(F)F)c2)cc1Nc1ncnc2cnc(N3CCC(F)C3)nc12,9
3d4q,CHEMBL3697836,COc1ccc(C(C)(C)C)cc1NC(=O)c1ccc(C)c(Nc2ncnc3cnc(N4CCC(F)C4)nc23)c1,7.6778
3d4q,CHEMBL3697837,Cc1ccc(C(=O)Nc2ccc(C#N)c(C(F)(F)F)c2)cc1Nc1ncnc2cnc(N3CCC(F)C3)nc12,7.4437
3d4q,CHEMBL3697838,Cc1ccc(C(=O)Nc2cccc(S(=O)(=O)N(C)C)c2)cc1Nc1ncnc2cnc(N3CCC(F)C3)nc12,8.1549
3d4q,CHEMBL3697839,Cc1ccc(C(=O)Nc2cccc(C(C)(C)C)c2)cc1Nc1ncnc2cnc(N3CCOCC3)nc12,9
3d4q,CHEMBL3697842,Cc1ccc(C(=O)Nc2ccc(F)c(C(F)(F)F)c2)cc1Nc1ncnc2cnc(N3CCN(C)CC3)nc12,9
3d4q,CHEMBL3697843,Cc1ccc(C(=O)Nc2cccc(C(F)(F)F)c2)cc1Nc1ncnc2cnc(N3CCN(C)CC3)nc12,9
3d4q,CHEMBL3697844,COc1ccc(C(F)(F)F)cc1NC(=O)c1ccc(C)c(Nc2ncnc3cnc(N4CCN(C)CC4)nc23)c1,8.301
3d4q,CHEMBL3697845,Cc1ccc(C(=O)Nc2ccc(Cl)c(C(F)(F)F)c2)cc1Nc1ncnc2cnc(N3CCN(C)CC3)nc12,8.3979
3d4q,CHEMBL3697846,Cc1ccc(C(=O)Nc2cccc(OC(F)(F)F)c2)cc1Nc1ncnc2cnc(N3CCN(C)CC3)nc12,10
3d4q,CHEMBL3697847,Cc1ccc(C(=O)NCc2ccc(C(C)(C)C)cc2)cc1Nc1ncnc2cnc(N3CCOCC3)nc12,6.9393
3d4q,CHEMBL3697848,Cc1ccc(C(=O)Nc2cccc(S(=O)(=O)N(C)C)c2)cc1Nc1ncnc2cnc(N3CCN(C)CC3)nc12,8.1549
3d4q,CHEMBL3697849,COc1ccc(C(F)(F)F)cc1NC(=O)c1ccc(C)c(Nc2ncnc3cnc(N4CCOCC4)nc23)c1,10
3d4q,CHEMBL3697850,Cc1ccc(C(=O)Nc2cccc(C(C)(C)C#N)c2)cc1Nc1ncnc2cnc(N3CCN(C)CC3)nc12,8.699
3d4q,CHEMBL3697851,COc1ccc(C(C)(C)C)cc1NC(=O)c1ccc(C)c(Nc2ncnc3cnc(N4CCOCC4)nc23)c1,8.3979
3d4q,CHEMBL3697852,Cc1ccc(C(=O)NCc2ccc(C(F)(F)F)cc2)cc1Nc1ncnc2cnc(N3CCOCC3)nc12,6.9431
3d4q,CHEMBL3697853,Cc1ccc(C(=O)NCc2cccc(C(C)(C)C)c2)cc1Nc1ncnc2cnc(N3CCCCC3)nc12,7.3279
3d4q,CHEMBL3697854,Cc1ccc(C(=O)Nc2cccc(N(C)C)c2)cc1Nc1ncnc2cnc(N3CCOCC3)nc12,8.3979
3d4q,CHEMBL3697855,Cc1ccc(C(=O)NCc2cccc(C(C)(C)C)c2)cc1Nc1ncnc2cnc(N3CCN(C)CC3)nc12,7.301
3d4q,CHEMBL3697856,Cc1ccc(C(=O)Nc2ccc(C#N)c(C(F)(F)F)c2)cc1Nc1ncnc2cnc(N3CCN(C)CC3)nc12,8.699
3d4q,CHEMBL3697859,Cc1ccc(C(=O)Nc2ccc(F)c(C(F)(F)F)c2)cc1Nc1ncnc2cnc(N3CCOCC3)nc12,8.0458
3d4q,CHEMBL3697860,Cc1ccc(C(=O)Nc2cccc(C(F)(F)F)c2)cc1Nc1ncnc2cnc(N3CCOCC3)nc12,10
3d4q,CHEMBL3697861,CN(C)CCN(C)c1ncc2ncnc(Nc3cc(C(=O)Nc4cc(C(C)(C)C)on4)ccc3F)c2n1,8.5229
3d4q,CHEMBL3697862,CN(CCN1CCCC1)c1ncc2ncnc(Nc3cc(C(=O)Nc4cc(C(C)(C)C)on4)ccc3F)c2n1,7.8539
3d4q,CHEMBL3697863,CN1CCN(c2ncc3ncnc(Nc4cc(C(=O)Nc5cc(C(C)(C)C)on5)ccc4F)c3n2)CC1,8.699
3d4q,CHEMBL3697864,Cc1ccc(C(=O)Nc2cccc(S(=O)(=O)N(C)C)c2)cc1Nc1ncnc2cnc(N3CCOCC3)nc12,8.699
3d4q,CHEMBL3697865,Cc1ccc(C(=O)Nc2cc(C(F)(F)F)ccn2)cc1Nc1ncnc2cnc(N3CCOCC3)nc12,10
3d4q,CHEMBL3697866,Cc1ccc(C(=O)Nc2cccc(C(C)(C)C#N)c2)cc1Nc1ncnc2cnc(N3CCOCC3)nc12,9
3d4q,CHEMBL3697868,Cc1ccc(C(=O)NCc2cccc(C(F)(F)F)c2)cc1Nc1ncnc2cnc(N3CCOCC3)nc12,7.2596
3d4q,CHEMBL3697869,Cc1ccc(C(=O)NC2CCCCC2)cc1Nc1ncnc2cnc(N3CCOCC3)nc12,5.8539
3d4q,CHEMBL3697870,Cc1ccc(C(=O)Nc2ccccc2)cc1Nc1ncnc2cnc(N3CCOCC3)nc12,6.5346
3d4q,CHEMBL3697871,Cc1ccc(C(=O)NCc2cccc(C(C)(C)C)c2)cc1Nc1ncnc2cnc(N3CCOCC3)nc12,7.2518
3d4q,CHEMBL3697873,Cc1ccc(C(=O)Nc2ccc(F)c(C(F)(F)F)c2)cc1Nc1ncnc2cnc(N3CCCCC3)nc12,7.7696
3d4q,CHEMBL3697874,Cc1ccc(C(=O)Nc2cccc(C(F)(F)F)c2)cc1Nc1ncnc2cnc(N3CCCCC3)nc12,8.2218
3d4q,CHEMBL3697875,Cc1ccc(C(=O)Nc2ccc(Cl)c(C(F)(F)F)c2)cc1Nc1ncnc2cnc(N3CCCCC3)nc12,8
3d4q,CHEMBL3697876,Cc1ccc(C(=O)Nc2cccc(OC(F)(F)F)c2)cc1Nc1ncnc2cnc(N3CCCCC3)nc12,8.3979
3d4q,CHEMBL3697877,Cc1ccc(C(=O)Nc2ccc(C#N)c(C(F)(F)F)c2)cc1Nc1ncnc2cnc(N3CCCCC3)nc12,7.2518
3d4q,CHEMBL3697878,Cc1ccc(C(=O)Nc2cccc(S(=O)(=O)N(C)C)c2)cc1Nc1ncnc2cnc(N3CCCCC3)nc12,8
3d4q,CHEMBL3697879,Cc1ccc(C(=O)Nc2cc(C(F)(F)F)ccn2)cc1Nc1ncnc2cnc(N3CCCCC3)nc12,8.0969
3d4q,CHEMBL3697880,Cc1ccc(C(=O)NCc2cccc(C(C)(C)C)c2)cc1Nc1ncnc2cnc(N3CCCN(C)CC3)nc12,6.8539
3d4q,CHEMBL3697881,Cc1ccc(C(=O)Nc2ccc(Cl)c(C(F)(F)F)c2)cc1Nc1ncnc2cnc(N3CCOCC3)nc12,8.699
3d4q,CHEMBL3697883,Cc1ccc(C(=O)Nc2cccc(C(F)(F)F)c2)cc1Nc1ncnc2cnc(N3CCNCC3)nc12,9
3d4q,CHEMBL3697884,Cc1ccc(C(=O)Nc2ccc(C#N)c(C(F)(F)F)c2)cc1Nc1ncnc2cnc(N3CCOCC3)nc12,8.3979
3d4q,CHEMBL3697885,Cc1ccc(C(=O)Nc2cccc(C(C)(C)C)c2)cc1Nc1ncnc2cnc(N3CCNCC3)nc12,10
3d4q,CHEMBL3697887,COc1ccc(C(C)(C)C)cc1NC(=O)c1ccc(C)c(Nc2ncnc3cnc(N4CCNCC4)nc23)c1,8.699
3d4q,CHEMBL3697888,Cc1ccc(C(=O)Nc2cccc(S(=O)(=O)N(C)C)c2)cc1Nc1ncnc2cnc(N3CCNCC3)nc12,8.1549
3d4q,CHEMBL3697889,Cc1ccc(C(=O)Nc2cc(C(F)(F)F)ccn2)cc1Nc1ncnc2cnc(N3CCC(F)C3)nc12,9
3d4q,CHEMBL3697901,COCCNc1ncc2ncnc(Nc3cc(C(=O)Nc4cc(C(C)(C)C)on4)ccc3C)c2n1,9
3d4q,CHEMBL3697908,Cc1ccc(C(=O)Nc2cc(C(C)(C)C)on2)cc1Nc1ncnc2cnc(N3CC(F)(F)C3)nc12,8.2218
3d4q,CHEMBL3697910,Cc1ccc(C(=O)Nc2cc(C(C)(C)C)on2)cc1Nc1ncnc2cnc(N3CC(C)OC(C)C3)nc12,7.8539
3d4q,CHEMBL3697911,Cc1ccc(C(=O)Nc2cc(C(C)(C)C)on2)cc1Nc1ncnc2cnc(N3CCCOCC3)nc12,8.699
3d4q,CHEMBL3697912,Cc1ccc(C(=O)Nc2cc(C(C)(C)C)on2)cc1Nc1ncnc2cnc(N3CCN(CCN4CCOCC4)CC3)nc12,9
3d4q,CHEMBL3697922,CN1CCN(c2cc(NC(=O)c3ccc(F)c(Nc4ncnc5cnc(N6CCOCC6)nc45)c3)cc(C(F)(F)F)c2)CC1,10
3d4q,CHEMBL3697923,CC(C)(C#N)c1cccc(NC(=O)c2ccc(F)c(Nc3ncnc4cnc(N5CCOCC5)nc34)c2)c1,8.3979
3d4q,CHEMBL3697925,CN1CCN(c2cc(NC(=O)c3ccc(F)c(Nc4ncnc5cnc(N6CCOCC6)nc45)c3)cc(C(F)(F)F)c2F)CC1,8.699
3d4q,CHEMBL3697931,CC(C)(C)c1cc(NC(=O)c2ccc(F)c(Nc3ncnc4cnc(N5CCOCC5)nc34)c2)[nH]n1,9
3d4q,CHEMBL3697933,O=C(Nc1cc(C(F)(F)F)ccn1)c1ccc(F)c(Nc2ncnc3cnc(N4CCOCC4)nc23)c1,9
3d4q,CHEMBL3697934,CN1CCC(CN2CCN(c3ncc4ncnc(Nc5cc(C(=O)Nc6cc(C(C)(C)C)on6)ccc5F)c4n3)CC2)CC1,9
3d4q,CHEMBL3697935,COCCN1CCN(c2ncc3ncnc(Nc4cc(C(=O)Nc5cc(C(C)(C)C)on5)ccc4F)c3n2)CC1,8.3979
3d4q,CHEMBL3697936,CC(C)N1CCN(c2ncc3ncnc(Nc4cc(C(=O)Nc5cc(C(C)(C)C)on5)ccc4F)c3n2)CC1,8.5229
3d4q,CHEMBL3697937,CC(C)(C)c1cc(NC(=O)c2ccc(F)c(Nc3ncnc4cnc(N5CCN(CC6CC6)CC5)nc34)c2)no1,8.3979
