3l5d,CHEMBL3683832,NC1=N[C@@](C(F)F)([C@H]2C[C@H]2O1)c3cc(NC(=O)c4ccc(Cl)cn4)ccc3F,7.575118363
3l5d,CHEMBL3639827,NC1=N[C@](C(F)F)([C@@H]2C[C@@H]2O1)c3cc(NC(=O)c4nn(cc4Cl)C(F)F)cc(F)c3F,4.581798177
3l5d,CHEMBL3639874,Cc1cc(OCC#N)cnc1C(=O)Nc2ccc(F)c(c2)[C@]3(N=C(N)O[C@@H]4C[C@H]34)C(F)F,6.446723954
3l5d,CHEMBL3639875,NC1=N[C@@](C(F)F)([C@H]2C[C@H]2O1)c3cc(NC(=O)c4ncc(Br)cc4C(F)F)ccc3F,7.850780887
3l5d,CHEMBL3639876,NC1=N[C@@](C(F)F)([C@H]2C[C@H]2O1)c3cc(NC(=O)c4ncc(cc4F)C#N)ccc3F,7.453457337
3l5d,CHEMBL3650845,CC1(C)Oc2ccc(NC(=O)c3ccc(Cl)cn3)cc2[C@@]4(COC(=N4)N)C15COC5,6.618710155
3l5d,CHEMBL3650848,CC1(C)Oc2ccc(NC(=O)c3ccc(Cl)cn3)cc2[C@@]4(COC(=N4)N)C15CC5,7.254877448
3l5d,CHEMBL3650853,CC1(C)Oc2ccc(NC(=O)c3ccc(Cl)cn3)cc2[C@]4(COC(=N4)N)C15COC5,4.519275214
3l5d,CHEMBL3683789,COc1cc(Cl)cnc1C(=O)Nc2ccc(F)c(c2)[C@]3(N=C(N)O[C@@H]4C[C@H]34)C(F)F,6.929962133
3l5d,CHEMBL3683790,Cc1cc(OCC#CC(C)(C)O)cnc1C(=O)Nc2ccc(F)c(c2)C3(C)N=C(N)O[C@H]4C[C@@H]34,6.685079944
3l5d,CHEMBL3683791,Cc1cc(NC(=O)c2ccc(Cl)cn2)cc(c1F)[C@]3(N=C(N)O[C@@H]4C[C@H]34)C(F)F,7.440108207
3l5d,CHEMBL3683792,NC1=N[C@](CF)([C@@H]2C[C@@H]2O1)c3cc(NC(=O)c4ccc(Cl)cn4)cc(F)c3F,6.213959371
3l5d,CHEMBL3683793,NC1=N[C@@](CF)([C@H]2C[C@H]2O1)c3cc(NC(=O)c4cnc(OCC#C)cn4)cc(F)c3F,8.26760624
3l5d,CHEMBL3683794,NC1=N[C@](CF)([C@@H]2C[C@@H]2O1)c3cc(NC(=O)c4cnc(OCC#C)cn4)cc(F)c3F,5.206558867
3l5d,CHEMBL3683797,NC1=N[C@@](CF)([C@H]2C[C@H]2O1)c3cc(NC(=O)c4ccc(cn4)C#N)cc(F)c3F,7.156144577
3l5d,CHEMBL3683798,NC1=N[C@](CF)([C@@H]2C[C@@H]2O1)c3cc(NC(=O)c4ccc(cn4)C#N)cc(F)c3F,4.782516056
3l5d,CHEMBL3683799,NC1=N[C@@](CF)([C@H]2C[C@H]2O1)c3cc(NC(=O)c4ccc(Br)cn4)cc(F)c3F,7.328827157
3l5d,CHEMBL3683800,NC1=N[C@](CF)([C@@H]2C[C@@H]2O1)c3cc(NC(=O)c4ccc(Br)cn4)cc(F)c3F,5.187420845
3l5d,CHEMBL3683801,COc1ccc(nc1)C(=O)Nc2cc(F)c(F)c(c2)[C@@]3(CF)N=C(N)O[C@@H]4C[C@H]34,6.871277716
3l5d,CHEMBL3683802,COCc1cc(Cl)cnc1C(=O)Nc2ccc(F)c(c2)[C@]3(N=C(N)O[C@@H]4C[C@H]34)C(F)F,7.557520231
3l5d,CHEMBL3683803,Cc1cc(Cl)cnc1C(=O)Nc2ccc(F)c(c2)[C@]3(N=C(N)O[C@@H]4C[C@H]34)C(F)F,7.647817482
3l5d,CHEMBL3683804,Cc1cc(cnc1C(=O)Nc2ccc(F)c(c2)[C@]3(N=C(N)O[C@@H]4C[C@H]34)C(F)F)C#N,7.847711656
3l5d,CHEMBL3683805,COc1cc(cnc1C(=O)Nc2ccc(F)c(c2)[C@]3(N=C(N)O[C@@H]4C[C@H]34)C(F)F)C#N,7.255707017
3l5d,CHEMBL3683806,NC1=N[C@@](CF)([C@H]2C[C@H]2O1)c3cc(NC(=O)c4nn(cc4Cl)C(F)F)cc(F)c3F,7.744727495
3l5d,CHEMBL3683807,NC1=N[C@](CF)([C@@H]2C[C@@H]2O1)c3cc(NC(=O)c4nn(cc4Cl)C(F)F)cc(F)c3F,4.674689628
3l5d,CHEMBL3683808,NC1=N[C@@](CF)([C@H]2C[C@H]2O1)c3cc(NC(=O)c4ccc(Cl)cn4)cc(F)c3F,7.185158125
3l5d,CHEMBL3683813,Cc1nc(Cl)cnc1C(=O)Nc2ccc(F)c(c2)[C@@]3(N=C(N)O[C@H]4C[C@@H]34)C(F)F,7.210419288
3l5d,CHEMBL3683814,Cc1ncc(Cl)nc1C(=O)Nc2ccc(F)c(c2)[C@@]3(N=C(N)O[C@H]4C[C@@H]34)C(F)F,5.600326279
3l5d,CHEMBL3683815,NC1=N[C@](C(F)F)([C@@H]2C[C@@H]2O1)c3cc(NC(=O)c4ccc(Cl)cn4)ccc3F,5.419615719
3l5d,CHEMBL3683816,CC#CCOc1cnc(C(=O)Nc2ccc(F)c(c2)[C@@]3(C)N=C(N)O[C@@H]4C[C@H]34)c(C)c1,7.88941029
3l5d,CHEMBL3683817,CC#CCOc1cnc(C(=O)Nc2ccc(F)c(c2)[C@]3(C)N=C(N)O[C@H]4C[C@@H]34)c(C)c1,5.647817482
3l5d,CHEMBL3683818,COc1cnc(C(=O)Nc2ccc(F)c(c2)[C@@]3(N=C(N)O[C@H]4C[C@@H]34)C(F)F)c(C)n1,6.005001605
3l5d,CHEMBL3683819,NC1=N[C@](C(F)F)([C@@H]2C[C@@H]2O1)c3cc(NC(=O)c4ccc(cn4)C#N)ccc3F,6.068435267
3l5d,CHEMBL3683820,Cc1c(nc2ccc(Cl)cn12)C(=O)Nc3ccc(F)c(c3)[C@@]4(N=C(N)O[C@H]5C[C@@H]45)C(F)F,6.777803954
3l5d,CHEMBL3683821,NC1=N[C@](C(F)F)([C@@H]2C[C@@H]2O1)c3cc(NC(=O)c4ncc(cc4Cl)C#N)ccc3F,6.076346343
3l5d,CHEMBL3683822,COc1cnc(C(=O)Nc2ccc(F)c(c2)[C@]3(N=C(N)O[C@@H]4C[C@H]34)C(F)F)c(C)n1,7.195860568
3l5d,CHEMBL3683823,NC1=N[C@@](C(F)F)([C@H]2C[C@H]2O1)c3cc(NC(=O)c4ncc(cc4Cl)C#N)ccc3F,7.815308569
3l5d,CHEMBL3683824,C[C@@]1(N=C(N)O[C@@H]2C[C@H]12)c3cc(NC(=O)c4ccc(Cl)cn4)ccc3F,7.187086643
3l5d,CHEMBL3683825,Cc1c(nc2ccc(Cl)cn12)C(=O)Nc3ccc(F)c(c3)[C@]4(N=C(N)O[C@@H]5C[C@H]45)C(F)F,6.899629455
3l5d,CHEMBL3683826,COc1cnc(C(=O)Nc2ccc(F)c(c2)[C@]3(N=C(N)O[C@@H]4C[C@H]34)C(F)F)c(Cl)c1,7.245651664
3l5d,CHEMBL3683827,NC1=N[C@@](C(F)F)([C@H]2C[C@H]2O1)c3cc(NC(=O)c4ncc(Cl)cc4Cl)ccc3F,7.559090918
3l5d,CHEMBL3683828,COc1cnc(cn1)C(=O)Nc2ccc(F)c(c2)[C@]3(N=C(N)O[C@@H]4C[C@H]34)C(F)F,7.117475462
3l5d,CHEMBL3683829,NC1=N[C@](C(F)F)([C@@H]2C[C@@H]2O1)c3cc(NC(=O)c4ccc(Cl)cn4)cnc3F,6.941194513
3l5d,CHEMBL3683830,NC1=N[C@@](C(F)F)([C@H]2C[C@H]2O1)c3cc(NC(=O)c4ccc(Br)cn4)ccc3F,7.607303047
3l5d,CHEMBL3683831,NC1=N[C@](C(F)F)([C@@H]2C[C@@H]2O1)c3cc(NC(=O)c4ccc(cn4)C#N)cnc3F,6.782516056
3l5d,CHEMBL3683833,NC1=N[C@@](C(F)F)([C@H]2C[C@H]2O1)c3cc(NC(=O)c4ccc(cn4)C#N)ccc3F,7.571865206
3l5d,CHEMBL3683834,COc1ccc(nc1)C(=O)Nc2ccc(F)c(c2F)[C@]3(CF)N=C(N)O[C@H]4C[C@@H]34,3.397940009
3l5d,CHEMBL3683835,COc1ccc(nc1)C(=O)Nc2ccc(F)c(c2F)[C@@]3(CF)N=C(N)O[C@@H]4C[C@H]34,5.517283591
3l5d,CHEMBL3683836,COC[C@@]1(N=C(N)O[C@@H]2C[C@H]12)c3cc(NC(=O)c4cnc(OC)cn4)ccc3F,5.099632871
3l5d,CHEMBL3683837,COC[C@]1(N=C(N)O[C@H]2C[C@@H]12)c3cc(NC(=O)c4cnc(OC)cn4)ccc3F,3.397940009
3l5d,CHEMBL3683838,COC[C@@]1(N=C(N)O[C@@H]2C[C@H]12)c3cc(NC(=O)c4ccc(Cl)cn4)ccc3F,5.562249437
3l5d,CHEMBL3683839,COC[C@]1(N=C(N)O[C@H]2C[C@@H]12)c3cc(NC(=O)c4ccc(Cl)cn4)ccc3F,3.397940009
3l5d,CHEMBL3683840,COc1cnc(C(=O)Nc2ccc(F)c(c2)[C@]3(N=C(N)O[C@@H]4C[C@H]34)C(F)F)c(OC)n1,6.305833704
3l5d,CHEMBL3683841,COc1cnc(cn1)C(=O)Nc2cc(Cl)c(F)c(c2)[C@@]3(CF)N=C(N)O[C@@H]4C[C@H]34,7.468521083
3l5d,CHEMBL3683844,NC1=N[C@@](CF)([C@H]2C[C@H]2O1)c3cc(NC(=O)c4ccc(cn4)C#N)cc(Cl)c3F,7.53165267
3l5d,CHEMBL3683846,NC1=N[C@@](CF)([C@H]2C[C@H]2O1)c3cc(NC(=O)c4cnc(OCC(F)(F)F)cn4)cc(Cl)c3F,7.866461092
3l5d,CHEMBL3683848,NC1=N[C@](C(F)F)([C@@H]2C[C@@H]2O1)c3cc(NC(=O)c4ccc(Cl)cn4)ccc3Cl,4.768275617
3l5d,CHEMBL3683849,NC1=N[C@@](C(F)F)([C@H]2C[C@H]2O1)c3cc(NC(=O)c4ccc(cn4)C#N)ccc3Cl,7.536281453
3l5d,CHEMBL3683850,NC1=N[C@](C(F)F)([C@@H]2C[C@@H]2O1)c3cc(NC(=O)c4ccc(cn4)C#N)ccc3Cl,4.496059586
3l5d,CHEMBL3683851,NC1=N[C@@](C(F)F)([C@H]2C[C@H]2O1)c3cc(NC(=O)c4cnc(OCC#C)cn4)ccc3F,8.455931956
3l5d,CHEMBL3683852,CC#CCOc1cnc(cn1)C(=O)Nc2ccc(F)c(c2)[C@]3(N=C(N)O[C@@H]4C[C@H]34)C(F)F,9
3l5d,CHEMBL3683853,NC1=N[C@@](C(F)F)([C@H]2C[C@H]2O1)c3cc(NC(=O)c4ccc(Cl)cn4)ccc3Cl,7.537300117
3l5d,CHEMBL3683854,COc1ccc(nc1)C(=O)Nc2ccc(Cl)c(c2)[C@]3(N=C(N)O[C@@H]4C[C@H]34)C(F)F,7.21395879
3l5d,CHEMBL3683855,COc1cnc(C(=O)Nc2ccc(Cl)c(c2)[C@]3(N=C(N)O[C@@H]4C[C@H]34)C(F)F)c(C)c1,7.01278077
3l5d,CHEMBL3683856,NC1=N[C@@](C(F)F)([C@H]2C[C@H]2O1)c3cc(NC(=O)c4cnc(OCc5cocn5)cn4)ccc3Cl,7.448550002
3l5d,CHEMBL3683857,COc1cnc(nc1)C(=O)Nc2ccc(F)c(c2)[C@]3(N=C(N)O[C@@H]4C[C@H]34)C(F)F,6.915423722
3l5d,CHEMBL3683858,COc1cnc(nc1)C(=O)Nc2ccc(Cl)c(c2)[C@]3(N=C(N)O[C@@H]4C[C@H]34)C(F)F,7.058985756
3l5d,CHEMBL3683859,NC1=N[C@](CF)([C@@H]2C[C@@H]2O1)c3nc(NC(=O)c4ccc(Cl)cn4)ccc3F,4.405165644
3l5d,CHEMBL3683860,NC1=N[C@@](CF)([C@H]2C[C@H]2O1)c3nc(NC(=O)c4ccc(Cl)cn4)ccc3F,6.598599459
3l5d,CHEMBL3683861,NC1=N[C@@](C(F)F)([C@H]2C[C@H]2O1)c3cc(NC(=O)c4ccc(Cl)cn4)cc(F)c3F,7.707743929
3l5d,CHEMBL3683862,NC1=N[C@](C(F)F)([C@@H]2C[C@@H]2O1)c3cc(NC(=O)c4ccc(Cl)cn4)cc(F)c3F,4.984430694
3l5d,CHEMBL3683863,NC1=N[C@](C(F)F)([C@@H]2C[C@@H]2O1)c3cc(NC(=O)c4ccc(cn4)C#N)cc(F)c3F,4.919012953
3l5d,CHEMBL3683864,NC1=N[C@@](C(F)F)([C@H]2C[C@H]2O1)c3cc(NC(=O)c4cnc(OCC#C)cn4)cc(F)c3F,6.932266702
3l5d,CHEMBL3683865,COc1cnc(cn1)C(=O)Nc2cc(F)c(F)c(c2)[C@]3(N=C(N)O[C@@H]4C[C@H]34)C(F)F,3.397940009
3l5d,CHEMBL3683866,NC1=N[C@@](C(F)F)([C@H]2C[C@H]2O1)c3cc(NC(=O)c4ccc(cn4)C#N)cc(F)c3F,7.560667306
3l5d,CHEMBL3683867,NC1=N[C@@](C(F)F)([C@H]2C[C@H]2O1)c3cc(NC(=O)c4nn(cc4Cl)C(F)F)cc(F)c3F,8.008773924
3l5d,CHEMBL3683868,NC1=N[C@@](C(F)F)([C@H]2C[C@H]2O1)c3cc(NC(=O)c4ccc(Br)cn4)cc(F)c3F,7.732828272
3l5d,CHEMBL3683869,NC1=N[C@@](CF)([C@H]2C[C@H]2O1)c3cc(NC(=O)c4ccc(Cl)cn4)ccc3F,7.675717545
3l5d,CHEMBL3683870,NC1=N[C@](CF)([C@@H]2C[C@@H]2O1)c3cc(NC(=O)c4ccc(Cl)cn4)ccc3F,5.806875402
3l5d,CHEMBL3683871,NC1=N[C@@](C(F)F)([C@H]2C[C@H]2O1)c3cc(NC(=O)c4ncc(Cl)cn4)ccc3F,7.252588192
3l5d,CHEMBL3683872,Cc1nc(OCC(F)(F)F)cnc1C(=O)Nc2ccc(F)c(c2)[C@]3(N=C(N)O[C@@H]4C[C@H]34)C(F)F,7.301029996
3l5d,CHEMBL3683873,COc1ccc(nc1)C(=O)Nc2cc(F)c(F)c(c2)[C@]3(N=C(N)O[C@@H]4C[C@H]34)C(F)F,7.079354999
3l5d,CHEMBL3683874,Cc1cc(cnc1C(=O)Nc2ccc(Cl)c(c2)[C@@]3(CF)N=C(N)O[C@@H]4C[C@H]34)C(F)F,7.004364805
3l5d,CHEMBL3683875,Cc1cc(NC(=O)c2ccc(Cl)cn2)cc(c1F)[C@@]3(N=C(N)O[C@H]4C[C@@H]34)C(F)F,5.452225295
3l5d,CHEMBL3683876,Cc1cc(cnc1C(=O)Nc2ccc(Cl)c(c2)[C@@]3(CF)N=C(N)O[C@@H]4C[C@H]34)C(F)(F)F,7.093664958
3l5d,CHEMBL3683877,Cc1cc(OC(F)F)cnc1C(=O)Nc2ccc(Cl)c(c2)[C@@]3(CF)N=C(N)O[C@@H]4C[C@H]34,7.078313525
3l5d,CHEMBL3683878,NC1=N[C@@](CF)([C@H]2C[C@H]2O1)c3cc(NC(=O)c4ncc(cc4Cl)C#N)ccc3Cl,7.403402904
3l5d,CHEMBL3683879,COCc1cc(Cl)cnc1C(=O)Nc2ccc(Cl)c(c2)[C@@]3(CF)N=C(N)O[C@@H]4C[C@H]34,7.294136288
3l5d,CHEMBL3683880,NC1=N[C@@](C(F)F)([C@H]2C[C@H]2O1)c3cc(NC(=O)c4ncc(Cl)cc4F)ccc3F,7.410050399
3l5d,CHEMBL3683881,COc1ccc(nc1)C(=O)Nc2ccc(F)c(c2)[C@]3(N=C(N)O[C@@H]4C[C@H]34)C(F)F,7.073143291
3l5d,CHEMBL3683882,COc1cnc(C(=O)Nc2ccc(F)c(c2)[C@]3(N=C(N)O[C@@H]4C[C@H]34)C(F)F)c(C)c1,6.732828272
3l5d,CHEMBL3683883,Cc1cc(NC(=O)c2ncc(cc2C)C#N)cc(c1F)[C@]3(N=C(N)O[C@@H]4C[C@H]34)C(F)F,7.669586227
3l5d,CHEMBL3683884,Cc1cc(NC(=O)c2ncc(cc2Cl)C#N)cc(c1F)[C@]3(N=C(N)O[C@@H]4C[C@H]34)C(F)F,7.638272164
3l5d,CHEMBL3683885,COc1cc(Cl)cnc1C(=O)Nc2cc(C)c(F)c(c2)[C@]3(N=C(N)O[C@@H]4C[C@H]34)C(F)F,6.884389488
3l5d,CHEMBL3683886,Cc1cc(NC(=O)c2ncc(Cl)cc2Cl)cc(c1F)[C@]3(N=C(N)O[C@@H]4C[C@H]34)C(F)F,7.591760035
3l5d,CHEMBL3683887,NC1=N[C@](CF)([C@@H]2C[C@@H]2O1)c3cc(NC(=O)c4ccc(cn4)C#N)cc(F)c3Cl,6.922632095
3l5d,CHEMBL3683890,NC1=N[C@](CF)([C@@H]2C[C@@H]2O1)c3cc(NC(=O)c4ccc(OCC#C)cn4)cc(F)c3Cl,8.22184875
3l5d,CHEMBL3683891,CSc1c(F)cc(NC(=O)c2ccc(Cl)cn2)cc1[C@@]3(CF)N=C(N)O[C@@H]4C[C@H]34,3.397940009
3l5d,CHEMBL3683892,COc1cnc(cn1)C(=O)Nc2cc(F)c(F)c(c2)[C@@]3(CF)N=C(N)O[C@@H]4C[C@H]34,6.903089987
3l5d,CHEMBL3683893,COc1cnc(cn1)C(=O)Nc2cc(F)c(F)c(c2)[C@]3(CF)N=C(N)O[C@H]4C[C@@H]34,3.397940009
3l5d,CHEMBL3683894,COc1c(F)cc(NC(=O)c2ccc(Cl)cn2)cc1[C@@]3(CF)N=C(N)O[C@@H]4C[C@H]34,6.815308569
3l5d,CHEMBL3683895,COc1c(F)cc(NC(=O)c2ccc(Cl)cn2)cc1[C@]3(CF)N=C(N)O[C@H]4C[C@@H]34,3.397940009
3l5d,CHEMBL3683896,CC(C)Oc1cnc(cn1)C(=O)Nc2ccc(F)c(c2)[C@]3(N=C(N)O[C@@H]4C[C@H]34)C(F)F,6.13578567
3l5d,CHEMBL3683897,C[C@@H](Oc1cnc(cn1)C(=O)Nc2ccc(F)c(c2)[C@]3(N=C(N)O[C@@H]4C[C@H]34)C(F)F)C#C,6.709965389
3l5d,CHEMBL3683898,NC1=N[C@@](C(F)F)([C@H]2C[C@H]2O1)c3cc(NC(=O)c4csc(n4)C(F)F)ccc3F,6.711080394
3l5d,CHEMBL3683899,NC1=N[C@@](C(F)F)([C@H]2C[C@H]2O1)c3cc(NC(=O)c4coc(n4)C(F)F)ccc3F,7.492144128
3l5d,CHEMBL3683900,NC1=N[C@@](C(F)F)([C@H]2C[C@H]2O1)c3cc(NC(=O)c4coc(n4)C#CC5CC5)ccc3F,4.605460769
3l5d,CHEMBL3683901,COc1cnc(cn1)C(=O)Nc2cc(F)c(Cl)c(c2)[C@]3(CF)N=C(N)O[C@H]4C[C@@H]34,5.146214912
3l5d,CHEMBL3683902,Cc1cc(OC(F)F)cnc1C(=O)Nc2cc(F)c(Cl)c(c2)[C@]3(CF)N=C(N)O[C@H]4C[C@@H]34,5.696331367
3l5d,CHEMBL3683903,Cn1nc(cc1C(=O)Nc2ccc(F)c(c2)[C@]3(N=C(N)O[C@@H]4C[C@H]34)C(F)F)C(F)F,6.619788758
3l5d,CHEMBL3683904,COc1cnc(cn1)C(=O)Nc2cc(F)c(Cl)c(c2)[C@@]3(CF)N=C(N)O[C@@H]4C[C@H]34,7.259637311
3l5d,CHEMBL3683905,Cc1cc(OC(F)F)cnc1C(=O)Nc2cc(F)c(Cl)c(c2)[C@@]3(CF)N=C(N)O[C@@H]4C[C@H]34,7.394694954
3l5d,CHEMBL3683907,CC(C)n1cc(Cl)c(n1)C(=O)Nc2ccc(F)c(c2)[C@]3(N=C(N)O[C@@H]4C[C@H]34)C(F)F,3.397940009
3l5d,CHEMBL3683908,C[C@H](Oc1cnc(cn1)C(=O)Nc2ccc(F)c(c2)[C@]3(N=C(N)O[C@@H]4C[C@H]34)C(F)F)C#C,8.070581074
3l5d,CHEMBL3683909,NC1=N[C@@](C(F)F)([C@H]2C[C@H]2O1)c3cc(NC(=O)c4nn(cc4Cl)C(F)F)ccc3F,7.863279433
3l5d,CHEMBL3683910,NC1=N[C@@](CF)([C@H]2C[C@H]2O1)c3cc(NC(=O)c4nn(cc4Cl)C(F)F)ccc3F,7.634512015
3l5d,CHEMBL3683911,NC1=N[C@@](C(F)F)([C@H]2C[C@H]2O1)c3cc(NC(=O)c4cnc(OCc5nccs5)cn4)ccc3F,7.716698771
3l5d,CHEMBL3683912,Cc1occ(n1)C(=O)Nc2ccc(F)c(c2)[C@]3(N=C(N)O[C@@H]4C[C@H]34)C(F)F,7.212539525
3l5d,CHEMBL3683913,NC1=N[C@@](C(F)F)([C@H]2C[C@H]2O1)c3cc(NC(=O)c4cnc(OCc5occn5)cn4)ccc3F,7.906578315
3l5d,CHEMBL3683914,NC1=N[C@@](C(F)F)([C@H]2C[C@H]2O1)c3cc(NC(=O)c4coc(CF)n4)ccc3F,7.935542011
3l5d,CHEMBL3683915,NC1=N[C@@](C(F)F)([C@H]2C[C@H]2O1)c3cc(NC(=O)c4cnc(OCc5cscn5)cn4)ccc3F,7.436518915
3l5d,CHEMBL3683916,NC1=N[C@@](C(F)F)([C@H]2C[C@H]2O1)c3cc(NC(=O)c4cnc(OCc5cncs5)cn4)ccc3F,7.061980903
3l5d,CHEMBL3683917,NC1=N[C@@](C(F)F)([C@H]2C[C@H]2O1)c3cc(NC(=O)c4cnc(OCc5ocnc5)cn4)ccc3F,7.090979146
3l5d,CHEMBL3683918,NC1=N[C@@](C(F)F)([C@H]2C[C@H]2O1)c3cc(NC(=O)c4ccc(OCc5nccs5)cn4)ccc3F,7.084072788
3l5d,CHEMBL3683919,NC1=N[C@@](C(F)F)([C@H]2C[C@H]2O1)c3cc(NC(=O)c4ccc(OCc5occn5)cn4)ccc3F,7.436518915
3l5d,CHEMBL3683920,NC1=N[C@@](C(F)F)([C@H]2C[C@H]2O1)c3cc(NC(=O)c4cnc(OCc5cocn5)cn4)ccc3F,7.632644079
3l5d,CHEMBL3683921,C[C@H](F)c1occ(n1)C(=O)Nc2ccc(F)c(c2)[C@]3(N=C(N)O[C@@H]4C[C@H]34)C(F)F,5.540607512
3l5d,CHEMBL3683922,Cc1csc(c1)C(=O)Nc2ccc(F)c(c2)[C@]3(N=C(N)O[C@@H]4C[C@H]34)C(F)F,6.72010502
3l5d,CHEMBL3688609,NC1=N[C@@](C(F)F)([C@H]2C[C@H]2O1)c3cc(NC(=O)c4cc(Cl)cs4)ccc3F,6.732828272
3l5d,CHEMBL3688610,NC1=N[C@@](C(F)F)([C@H]2C[C@H]2O1)c3cc(NC(=O)c4cc(cs4)C#N)ccc3F,5.968591536
3l5d,CHEMBL3688611,NC1=N[C@@](C(F)F)([C@H]2C[C@H]2O1)c3cc(NC(=O)c4ccc(Cl)s4)ccc3F,6.060231225
3l5d,CHEMBL3688612,NC1=N[C@@](C(F)F)([C@H]2C[C@H]2O1)c3cc(NC(=O)c4ccc(OCF)cn4)ccc3F,7.037157319
3l5d,CHEMBL3688613,NC1=N[C@@](C(F)F)([C@H]2C[C@H]2O1)c3cc(NC(=O)c4csc(Cl)c4)ccc3F,5.853871964
3l5d,CHEMBL3688614,CS(=O)(=O)c1ccc(nc1)C(=O)Nc2ccc(F)c(c2)[C@]3(N=C(N)O[C@@H]4C[C@H]34)C(F)F,4.882728704
3l5d,CHEMBL3688615,NC1=N[C@@](CF)([C@H]2C[C@H]2O1)c3cc(NC(=O)c4ccc(OCF)cn4)ccc3Cl,7.000869459
3l5d,CHEMBL3688616,Cc1cnc(C(=O)Nc2ccc(F)c(c2)[C@]3(N=C(N)O[C@@H]4C[C@H]34)C(F)F)c(C)c1,6.972242795
3l5d,CHEMBL3688617,Cc1cc(cnc1C(=O)Nc2ccc(F)c(c2)[C@]3(N=C(N)O[C@@H]4C[C@H]34)C(F)F)C(F)F,7.214670165
3l5d,CHEMBL3688618,COc1ccc(nn1)C(=O)Nc2ccc(F)c(c2)[C@]3(N=C(N)O[C@@H]4C[C@H]34)C(F)F,5.463441557
3l5d,CHEMBL3688619,Cc1cc(cnc1C(=O)Nc2ccc(F)c(c2)[C@]3(N=C(N)O[C@@H]4C[C@H]34)C(F)F)C(F)(F)F,7.397940009
3l5d,CHEMBL3688620,Cc1cc(OCC(F)(F)F)cnc1C(=O)Nc2ccc(F)c(c2)[C@]3(N=C(N)O[C@@H]4C[C@H]34)C(F)F,6.922632095
3l5d,CHEMBL3688621,Cc1ccc(nc1)C(=O)Nc2ccc(F)c(c2)[C@]3(N=C(N)O[C@@H]4C[C@H]34)C(F)F,6.821023053
3l5d,CHEMBL3688622,CC(F)(F)Oc1ccc(nc1)C(=O)Nc2ccc(F)c(c2)[C@]3(N=C(N)O[C@@H]4C[C@H]34)C(F)F,6.382475465
3l5d,CHEMBL3688623,NC1=N[C@@](CF)([C@H]2C[C@H]2O1)c3cc(NC(=O)c4ccc(cn4)C#N)ccc3F,7.591760035
3l5d,CHEMBL3688624,NC1=N[C@@](CF)([C@H]2C[C@H]2O1)c3cc(NC(=O)c4ncc(Cl)cc4Cl)ccc3F,7.347753659
3l5d,CHEMBL3688625,COc1cnc(cn1)C(=O)Nc2ccc(F)c(c2)[C@@]3(CF)N=C(N)O[C@@H]4C[C@H]34,6.846185136
3l5d,CHEMBL3688626,COc1ccc(nc1)C(=O)Nc2ccc(F)c(c2)[C@@]3(CF)N=C(N)O[C@@H]4C[C@H]34,6.906228219
3l5d,CHEMBL3688627,Cc1cc(cnc1C(=O)Nc2ccc(F)c(c2)[C@@]3(CF)N=C(N)O[C@@H]4C[C@H]34)C#N,7.48945499
3l5d,CHEMBL3688628,NC1=N[C@@](CF)([C@H]2C[C@H]2O1)c3cc(NC(=O)c4cnc(OCC#C)cn4)ccc3F,8.180456064
3l5d,CHEMBL3688629,Cc1cc(Cl)cnc1C(=O)Nc2ccc(F)c(c2)[C@@]3(CF)N=C(N)O[C@@H]4C[C@H]34,7.4710833
3l5d,CHEMBL3688630,CC#CCOc1cnc(cn1)C(=O)Nc2ccc(F)c(c2)[C@@]3(CF)N=C(N)O[C@@H]4C[C@H]34,8.657577319
3l5d,CHEMBL3688631,Cc1c(nc2ccc(Cl)cn12)C(=O)Nc3ccc(F)c(c3)[C@@]4(CF)N=C(N)O[C@@H]5C[C@H]45,6.723538196
3l5d,CHEMBL3688632,Cc1cc(cnc1C(=O)Nc2ccc(F)c(c2)[C@@]3(CF)N=C(N)O[C@@H]4C[C@H]34)C(F)F,7.195179321
3l5d,CHEMBL3688633,NC1=N[C@@](CF)([C@H]2C[C@H]2O1)c3cc(NC(=O)c4cc5ccccc5cn4)ccc3F,6.301464507
3l5d,CHEMBL3688634,CC#CCOc1ccc(nc1)C(=O)Nc2ccc(F)c(c2)[C@@]3(CF)N=C(N)O[C@@H]4C[C@H]34,8.050609993
3l5d,CHEMBL3688635,NC1=N[C@@](CF)([C@H]2C[C@H]2O1)c3cc(NC(=O)c4ccc(cn4)C#N)cnc3F,6.837137007
3l5d,CHEMBL3688636,NC1=N[C@@](CF)([C@H]2C[C@H]2O1)c3cc(NC(=O)c4ccc(OCC#C)cn4)ccc3F,7.562249437
3l5d,CHEMBL3688638,NC1=N[C@@](CF)([C@H]2C[C@H]2O1)c3cc(NC(=O)c4nn(cc4Cl)C(F)F)cnc3F,7.238072162
3l5d,CHEMBL3688639,NC1=N[C@]([C@@H]2C[C@@H]2O1)(c3cccc(NC(=O)c4ccc(Cl)cn4)c3)C(F)(F)F,6.823908741
3l5d,CHEMBL3688640,Cc1cc(OC(F)F)cnc1C(=O)Nc2ccc(Cl)c(c2)C3(N=C(N)O[C@@H]4C[C@H]34)C(F)F,7.041914151
3l5d,CHEMBL3688641,CC#CCOc1cnc(cn1)C(=O)Nc2ccc(Cl)c(c2)[C@@]3(N=C(N)O[C@H]4C[C@@H]34)C(F)F,7.242975289
3l5d,CHEMBL3688642,NC1=N[C@@](C(F)F)([C@H]2C[C@H]2O1)c3cc(NC(=O)c4ncc(Cl)cc4Cl)ccc3Cl,7.899629455
3l5d,CHEMBL3688643,Cc1cc(OC(F)F)cnc1C(=O)Nc2ccc(Cl)c(c2)[C@]3(N=C(N)O[C@@H]4C[C@H]34)C(F)F,7.328827157
3l5d,CHEMBL3688644,Cc1cc(OC(F)F)cnc1C(=O)Nc2ccc(Cl)c(c2)[C@@]3(N=C(N)O[C@H]4C[C@@H]34)C(F)F,5.617082865
3l5d,CHEMBL3688645,NC1=N[C@@](C(F)F)([C@H]2C[C@H]2O1)c3cc(NC(=O)c4ccc(Br)cn4)ccc3Cl,8.031517051
3l5d,CHEMBL3688646,CC#CCOc1cnc(cn1)C(=O)Nc2ccc(Cl)c(c2)[C@]3(N=C(N)O[C@@H]4C[C@H]34)C(F)F,8.769551079
3l5d,CHEMBL3688647,Cc1cc(cnc1C(=O)Nc2ccc(Cl)c(c2)[C@]3(N=C(N)O[C@@H]4C[C@H]34)C(F)F)C(F)(F)F,7.821023053
3l5d,CHEMBL3688648,NC1=N[C@]([C@@H]2C[C@@H]2O1)(c3cc(NC(=O)c4ccc(Cl)cn4)ccc3F)C(F)(F)F,6.064996849
3l5d,CHEMBL3688649,NC1=N[C@](C(F)F)([C@@H]2C[C@@H]2O1)c3cc(NC(=O)c4cnc(OCC#C)cn4)ccc3Cl,7.177470716
3l5d,CHEMBL3688650,NC1=N[C@](C(F)F)([C@@H]2C[C@@H]2O1)c3cc(NC(=O)c4nn(cc4Cl)C(F)F)ccc3Cl,6.404168321
3l5d,CHEMBL3688651,NC1=N[C@@](C(F)F)([C@H]2C[C@H]2O1)c3cc(NC(=O)c4cnc(OCC#C)cn4)ccc3Cl,8.568636236
3l5d,CHEMBL3688652,Cc1cc(cnc1C(=O)Nc2ccc(Cl)c(c2)[C@]3(N=C(N)O[C@@H]4C[C@H]34)C(F)F)C#N,7.735182177
3l5d,CHEMBL3688653,NC1=N[C@@](C(F)F)([C@H]2C[C@H]2O1)c3cc(NC(=O)c4nn(cc4Cl)C(F)F)ccc3Cl,7.978810701
3l5d,CHEMBL3688654,COc1cnc(cn1)C(=O)Nc2ccc(Cl)c(c2)[C@]3(N=C(N)O[C@@H]4C[C@H]34)C(F)F,7.048176965
3l5d,CHEMBL3688655,NC1=N[C@](CF)([C@@H]2C[C@@H]2O1)c3cc(NC(=O)c4ncc(cc4Cl)C#N)ccc3F,7.328827157
3l5d,CHEMBL3688656,NC1=N[C@@](CF)([C@H]2C[C@H]2O1)c3cc(NC(=O)c4ncc(cc4Cl)C#N)ccc3F,7.377785977
3l5d,CHEMBL3688657,COc1cnc(C(=O)Nc2ccc(F)c(c2)[C@@]3(CF)N=C(N)O[C@@H]4C[C@H]34)c(Cl)c1,7.467245621
3l5d,CHEMBL3688658,NC1=N[C@](CF)([C@@H]2C[C@@H]2O1)c3cc(NC(=O)c4ccc(Cl)cn4)cnc3F,4.922632095
3l5d,CHEMBL3688659,NC1=N[C@@](CF)([C@H]2C[C@H]2O1)c3cc(NC(=O)c4ccc(Cl)cn4)cnc3F,6.782516056
3l5d,CHEMBL3688660,NC1=N[C@@](C(F)F)([C@H]2C[C@H]2O1)c3cc(NC(=O)c4ccc(OCC#C)cn4)ccc3F,7.785156152
3l5d,CHEMBL3688661,CC#CCOc1ccc(nc1)C(=O)Nc2ccc(F)c(c2)[C@]3(N=C(N)O[C@@H]4C[C@H]34)C(F)F,8.244125144
3l5d,CHEMBL3688663,NC1=N[C@@](CF)([C@H]2C[C@H]2O1)c3cc(NC(=O)c4ccc(Br)cn4)cnc3F,6.901356274
3l5d,CHEMBL3688664,NC1=N[C@@](C(F)F)([C@H]2C[C@H]2O1)c3cc(NC(=O)c4ccc(OCC(F)(F)F)cn4)ccc3F,6.982966661
3l5d,CHEMBL3688665,Cc1cc(OC(F)F)cnc1C(=O)Nc2ccc(F)c(c2)[C@]3(N=C(N)O[C@@H]4C[C@H]34)C(F)F,7.42365865
3l5d,CHEMBL3688666,NC1=N[C@@](C(F)F)([C@H]2C[C@H]2O1)c3cc(NC(=O)c4cnc(OC(F)F)cn4)ccc3F,7.669586227
3l5d,CHEMBL3688667,NC1=N[C@@](C(F)F)([C@H]2C[C@H]2O1)c3cc(NC(=O)C4CCCCC4)ccc3F,3.397940009
3l5d,CHEMBL3688668,COCC(=O)Nc1ccc(F)c(c1)[C@]2(N=C(N)O[C@@H]3C[C@H]23)C(F)F,6.085656843
3l5d,CHEMBL3688669,NC1=N[C@@](C(F)F)([C@H]2C[C@H]2O1)c3cc(NC(=O)CC4CCCCC4)ccc3F,3.397940009
3l5d,CHEMBL3688670,NC1=N[C@@](C(F)F)([C@H]2C[C@H]2O1)c3cc(NC(=O)C4CCOCC4)ccc3F,3.397940009
3l5d,CHEMBL3688671,NC1=N[C@@](C(F)F)([C@H]2C[C@H]2O1)c3cc(NC(=O)C4=CCCCC4)ccc3F,4.612236556
3l5d,CHEMBL3688672,NC1=N[C@@](C(F)F)([C@H]2C[C@H]2O1)c3cc(NC(=O)[C@H]4CCCO4)ccc3F,5.270025714
3l5d,CHEMBL3688673,NC1=N[C@@](C(F)F)([C@H]2C[C@H]2O1)c3cc(NC(=O)C4(CC4)c5ccc(Cl)cc5)ccc3F,3.397940009
3l5d,CHEMBL3688674,NC1=N[C@@](C(F)F)([C@H]2C[C@H]2O1)c3cc(NC(=O)C4(CCC4)c5ccc(Cl)cc5)ccc3F,3.397940009
3l5d,CHEMBL3688675,COCCC(=O)Nc1ccc(F)c(c1)[C@]2(N=C(N)O[C@@H]3C[C@H]23)C(F)F,4.592728097
3l5d,CHEMBL3688676,CN1C=C(C=CC1=O)C(=O)Nc2ccc(F)c(c2)[C@]3(N=C(N)O[C@@H]4C[C@H]34)C(F)F,4.392695129
3l5d,CHEMBL3688677,CN1C=CC(=CC1=O)C(=O)Nc2ccc(F)c(c2)[C@]3(N=C(N)O[C@@H]4C[C@H]34)C(F)F,3.397940009
3l5d,CHEMBL3688678,NC1=N[C@@](C(F)F)([C@H]2C[C@H]2O1)c3cc(NC(=O)c4ccc(OCC#CC5CC5)cn4)ccc3F,7.661543506
3l5d,CHEMBL3688679,NC1=N[C@@](C(F)F)([C@H]2C[C@H]2O1)c3cc(NC(=O)CC(F)(F)F)ccc3F,5.327902142
3l5d,CHEMBL3688680,C[C@H](C(=O)Nc1ccc(F)c(c1)[C@]2(N=C(N)O[C@@H]3C[C@H]23)C(F)F)c4ccc(Cl)cc4,3.397940009
3l5d,CHEMBL3688681,NC1=N[C@@](C(F)F)([C@H]2C[C@H]2O1)c3cc(NC(=O)[C@@H]4CCOC4)ccc3F,4.464655236
3l5d,CHEMBL3688682,CC(C)(C)OCC(=O)Nc1ccc(F)c(c1)[C@]2(N=C(N)O[C@@H]3C[C@H]23)C(F)F,3.397940009
3l5d,CHEMBL3688683,COCCOCC(=O)Nc1ccc(F)c(c1)[C@]2(N=C(N)O[C@@H]3C[C@H]23)C(F)F,3.397940009
3l5d,CHEMBL3688684,NC1=N[C@@](C(F)F)([C@H]2C[C@H]2O1)c3cc(NC(=O)COc4ccccc4)ccc3F,5.176525771
3l5d,CHEMBL3688685,CO[C@H](C)C(=O)Nc1ccc(F)c(c1)[C@]2(N=C(N)O[C@@H]3C[C@H]23)C(F)F,5.735182177
3l5d,CHEMBL3688686,NC1=N[C@@](C(F)F)([C@H]2C[C@H]2O1)c3cc(NC(=O)C4CC(=O)C4)ccc3F,4.697798989
3l5d,CHEMBL3688687,C[C@@H](Oc1ccc(nc1)C(=O)Nc2ccc(F)c(c2)[C@]3(N=C(N)O[C@@H]4C[C@H]34)C(F)F)C#N,6.1807852
3l5d,CHEMBL3688688,NC1=N[C@@](C(F)F)([C@H]2C[C@H]2O1)c3cc(NC(=O)C4CC4)ccc3F,5.286509457
3l5d,CHEMBL3688689,NC1=N[C@@](C(F)F)([C@H]2C[C@H]2O1)c3cc(NC(=O)c4cnc(Cl)cn4)ccc3F,7.431798276
3l5d,CHEMBL3688690,NC1=N[C@@](C(F)F)([C@H]2C[C@H]2O1)c3cc(NC(=O)C#Cc4ccccc4)ccc3F,6.609948504
3l5d,CHEMBL3688691,NC1=N[C@@](C(F)F)([C@H]2C[C@H]2O1)c3cccc(NC(=O)c4ccc(Cl)cn4)c3,6.428297411
3l5d,CHEMBL3688692,NC1=N[C@](C(F)F)([C@@H]2C[C@@H]2O1)c3cccc(NC(=O)c4ccc(Cl)cn4)c3,4.444857165
3l5d,CHEMBL3688693,Cc1cnc(cn1)C(=O)Nc2ccc(F)c(c2)[C@]3(N=C(N)O[C@@H]4C[C@H]34)C(F)F,6.087777943
3l5d,CHEMBL3688694,NC1=N[C@@](C(F)F)([C@H]2C[C@H]2O1)c3cc(NC(=O)c4ncc(Br)cn4)ccc3F,7.381951903
3l5d,CHEMBL3688695,Cc1ccc(NC(=O)c2ccc(cn2)C#N)cc1[C@]3(N=C(N)O[C@@H]4C[C@H]34)C(F)F,7.028724151
3l5d,CHEMBL3688696,NC1=N[C@@](CF)([C@H]2C[C@H]2O1)c3cc(NC(=O)c4ccc(Cl)cn4)ccc3Cl,7.174573882
3l5d,CHEMBL3688697,NC1=N[C@](CF)([C@@H]2C[C@@H]2O1)c3cc(NC(=O)c4ccc(Cl)cn4)ccc3Cl,5.739957295
3l5d,CHEMBL3688698,COc1cnc(cn1)C(=O)Nc2ccc(Cl)c(c2)[C@@]3(CF)N=C(N)O[C@@H]4C[C@H]34,6.846185136
3l5d,CHEMBL3688699,COc1cnc(cn1)C(=O)Nc2ccc(Cl)c(c2)[C@]3(CF)N=C(N)O[C@H]4C[C@@H]34,4.439734602
3l5d,CHEMBL3688700,NC1=N[C@@](CF)([C@H]2C[C@H]2O1)c3cc(NC(=O)c4ccc(Br)cn4)ccc3Cl,7.492144128
3l5d,CHEMBL3688701,NC1=N[C@](CF)([C@@H]2C[C@@H]2O1)c3cc(NC(=O)c4ccc(Br)cn4)ccc3Cl,5.443094731
3l5d,CHEMBL3688702,NC1=N[C@@](CF)([C@H]2C[C@H]2O1)c3cc(NC(=O)c4ccc(cn4)C#N)ccc3Cl,7.245651664
3l5d,CHEMBL3688703,NC1=N[C@](CF)([C@@H]2C[C@@H]2O1)c3cc(NC(=O)c4ccc(cn4)C#N)ccc3Cl,5.021819483
3l5d,CHEMBL3688704,NC1=N[C@@](CF)([C@H]2C[C@H]2O1)c3cc(NC(=O)c4cnc(OCC#C)cn4)ccc3Cl,8.251811973
3l5d,CHEMBL3688705,NC1=N[C@](CF)([C@@H]2C[C@@H]2O1)c3cc(NC(=O)c4cnc(OCC#C)cn4)ccc3Cl,5.320572103
3l5d,CHEMBL3688706,NC1=N[C@@](CF)([C@H]2C[C@H]2O1)c3cc(NC(=O)c4ncc(Cl)cc4Cl)ccc3Cl,7.355561411
3l5d,CHEMBL3688707,COc1ccc(nc1)C(=O)Nc2ccc(Cl)c(c2)[C@@]3(CF)N=C(N)O[C@@H]4C[C@H]34,6.708853238
3l5d,CHEMBL3688708,Cc1cc(cnc1C(=O)Nc2ccc(Cl)c(c2)[C@@]3(CF)N=C(N)O[C@@H]4C[C@H]34)C#N,7.508638306
3l5d,CHEMBL3688709,COc1cnc(C(=O)Nc2ccc(Cl)c(c2)[C@@]3(CF)N=C(N)O[C@@H]4C[C@H]34)c(Cl)c1,6.911863911
3l5d,CHEMBL3688710,CC#CCOc1cnc(cn1)C(=O)Nc2ccc(Cl)c(c2)[C@@]3(CF)N=C(N)O[C@@H]4C[C@H]34,8.657577319
3l5d,CHEMBL3688711,NC1=N[C@@](C(F)F)([C@H]2C[C@H]2O1)c3cc(NC(=O)c4cccc(Cl)n4)ccc3F,5.804100348
3l5d,CHEMBL3688712,NC1=N[C@@](C(F)F)([C@H]2C[C@H]2O1)c3cc(NC(=O)c4cc(Cl)ccn4)ccc3F,5.714442691
3l5d,CHEMBL3688713,CC(C)c1cccnc1C(=O)Nc2ccc(F)c(c2)[C@]3(N=C(N)O[C@@H]4C[C@H]34)C(F)F,5.475603878
3l5d,CHEMBL3688714,CC(C)c1cc(Cl)cnc1C(=O)Nc2ccc(F)c(c2)[C@]3(N=C(N)O[C@@H]4C[C@H]34)C(F)F,6.515700161
3l5d,CHEMBL3688715,NC1=N[C@@](C(F)F)([C@H]2C[C@H]2O1)c3cc(NC(=O)c4ccc(cn4)c5ccccc5)ccc3F,5.941194513
3l5d,CHEMBL3688716,NC1=N[C@@](C(F)F)([C@H]2C[C@H]2O1)c3cc(NC(=O)c4ccccn4)ccc3F,6.522155524
3l5d,CHEMBL3688717,Cc1cccnc1C(=O)Nc2ccc(F)c(c2)[C@]3(N=C(N)O[C@@H]4C[C@H]34)C(F)F,6.567030709
3l5d,CHEMBL3688718,COc1cnc(cn1)C(=O)Nc2ccc(C)c(c2)[C@]3(N=C(N)O[C@@H]4C[C@H]34)C(F)F,6.503762455
3l5d,CHEMBL3688719,Cc1ccc(NC(=O)c2ccc(Cl)cn2)cc1[C@]3(N=C(N)O[C@@H]4C[C@H]34)C(F)F,7.04431225
3l5d,CHEMBL3688720,NC1=N[C@](C(F)F)([C@@H]2C[C@@H]2O1)c3cc(NC(=O)c4ccc(Br)cn4)ccc3F,5.378304538
3l5d,CHEMBL3688721,COc1cc(Cl)cnc1C(=O)Nc2ccc(Cl)c(c2)[C@@]3(CF)N=C(N)O[C@@H]4C[C@H]34,6.736363931
3l5d,CHEMBL3688722,Cc1cc(NC(=O)c2ncc(cn2)C#N)cc(c1F)[C@]3(N=C(N)O[C@@H]4C[C@H]34)C(F)F,7.004364805
3l5d,CHEMBL3688723,COc1cnc(cn1)C(=O)Nc2cc(C)c(F)c(c2)[C@]3(N=C(N)O[C@@H]4C[C@H]34)C(F)F,7.515700161
3l5d,CHEMBL3688724,COc1cnc(C(=O)Nc2cc(C)c(F)c(c2)[C@]3(N=C(N)O[C@@H]4C[C@H]34)C(F)F)c(C)n1,6.84924356
3l5d,CHEMBL3688725,COc1cnc(C(=O)Nc2ccc(Cl)c(c2)[C@@]3(CF)N=C(N)O[C@@H]4C[C@H]34)c(C)n1,6.452840879
3l5d,CHEMBL3688726,Cc1cc(NC(=O)c2ncc(Cl)cc2F)cc(c1F)[C@]3(N=C(N)O[C@@H]4C[C@H]34)C(F)F,7.501689446
3l5d,CHEMBL3688727,Cc1cc(NC(=O)c2ncc(Cl)cc2C)cc(c1F)[C@]3(N=C(N)O[C@@H]4C[C@H]34)C(F)F,7.522878745
3l5d,CHEMBL3688728,COc1ccc(nc1)C(=O)Nc2cc(C)c(F)c(c2)[C@]3(N=C(N)O[C@@H]4C[C@H]34)C(F)F,7.282329497
3l5d,CHEMBL3688729,COc1cnc(C(=O)Nc2cc(C)c(F)c(c2)[C@]3(N=C(N)O[C@@H]4C[C@H]34)C(F)F)c(C)c1,6.929962133
3l5d,CHEMBL3688730,COc1cnc(C(=O)Nc2ccc(F)c(c2)[C@]3(N=C(N)O[C@@H]4C[C@H]34)C(F)F)c(F)c1,7.377785977
3l5d,CHEMBL3688731,COc1cc(F)cnc1C(=O)Nc2ccc(F)c(c2)[C@]3(N=C(N)O[C@@H]4C[C@H]34)C(F)F,6.384049948
3l5d,CHEMBL3688732,NC1=N[C@@](C(F)F)([C@H]2C[C@H]2O1)c3cc(NC(=O)c4ncc(Cl)cc4CF)ccc3F,7.752026734
3l5d,CHEMBL3688733,Cc1cc(cnc1C(=O)Nc2cc(F)c(C)c(c2)[C@]3(N=C(N)O[C@@H]4C[C@H]34)C(F)F)C#N,5.263475597
3l5d,CHEMBL3688734,Cc1cc(cnc1C(=O)Nc2cc(F)c(C)c(c2)[C@@]3(N=C(N)O[C@H]4C[C@@H]34)C(F)F)C#N,7.331614083
3l5d,CHEMBL3688735,NC1=N[C@@](C(F)F)([C@H]2C[C@H]2O1)c3cc(NC(=O)c4ccc(OC(F)F)cn4)ccc3F,7.42365865
3l5d,CHEMBL3688736,NC1=N[C@@](C(F)F)([C@H]2C[C@H]2O1)c3cc(NC(=O)c4ccc(cn4)C#C)ccc3F,7.605548319
3l5d,CHEMBL3688737,CC#Cc1ccc(nc1)C(=O)Nc2ccc(F)c(c2)[C@]3(N=C(N)O[C@@H]4C[C@H]34)C(F)F,7.330683119
3l5d,CHEMBL3688739,NC1=N[C@@](CF)([C@H]2C[C@H]2O1)c3cc(NC(=O)c4cnc(OCC#C)cn4)cc(F)c3Cl,8.552841969
3l5d,CHEMBL3688740,NC1=N[C@](CF)([C@@H]2C[C@@H]2O1)c3cc(NC(=O)c4cnc(OCC#C)cn4)cc(F)c3Cl,5.390405591
3l5d,CHEMBL3688741,NC1=N[C@@](CF)([C@H]2C[C@H]2O1)c3cc(NC(=O)c4ncc(Cl)cc4CF)ccc3Cl,7.598599459
3l5d,CHEMBL3688742,NC1=N[C@@](CF)([C@H]2C[C@H]2O1)c3cc(NC(=O)c4ncc(Cl)cc4F)ccc3Cl,7.2644011
3l5d,CHEMBL3688743,Cc1cc(Cl)cnc1C(=O)Nc2ccc(Cl)c(c2)[C@@]3(CF)N=C(N)O[C@@H]4C[C@H]34,7.428291168
3l5d,CHEMBL3688744,Cc1cc(NC(=O)c2ccc(Cl)cc2CF)cc(c1F)[C@]3(N=C(N)O[C@@H]4C[C@H]34)C(F)F,7.978810701
3l5d,CHEMBL3688745,NC1=N[C@@](CF)([C@H]2C[C@H]2O1)c3cc(NC(=O)c4ccc(F)cn4)ccc3Cl,6.536853863
3l5d,CHEMBL3688746,COc1cnc(cn1)C(=O)Nc2ccc(F)c(c2)[C@]3(C)N=C(N)O[C@H]4C[C@@H]34,4.968591536
3l5d,CHEMBL3688747,NC1=N[C@@](C(F)F)([C@H]2C[C@H]2O1)c3nc(NC(=O)c4ccc(Cl)cn4)ccc3F,6.469800302
3l5d,CHEMBL3688750,C[C@@]1(N=C(N)O[C@@H]2C[C@H]12)c3nc(NC(=O)c4ccc(cn4)C#N)ccc3F,6.825358807
3l5d,CHEMBL3688751,C[C@]1(N=C(N)O[C@H]2C[C@@H]12)c3nc(NC(=O)c4ccc(cn4)C#N)ccc3F,3.397940009
3l5d,CHEMBL3688752,C[C@@]1(N=C(N)O[C@@H]2C[C@H]12)c3nc(NC(=O)c4ccc(Cl)cn4)ccc3F,6.615288257
3l5d,CHEMBL3688753,C[C@]1(N=C(N)O[C@H]2C[C@@H]12)c3nc(NC(=O)c4ccc(Cl)cn4)ccc3F,5.670602121
3l5d,CHEMBL3688754,C[C@@]1(N=C(N)O[C@@H]2C[C@H]12)c3nc(NC(=O)c4ncc(Cl)cc4Cl)ccc3F,6.985479461
3l5d,CHEMBL3688755,C[C@]1(N=C(N)O[C@H]2C[C@@H]12)c3nc(NC(=O)c4ncc(Cl)cc4Cl)ccc3F,3.397940009
3l5d,CHEMBL3688756,NC1=N[C@@](C(F)F)([C@H]2C[C@H]2O1)c3nc(NC(=O)c4ccc(cn4)[N+]#[C-])ccc3F,5.785661338
3l5d,CHEMBL3688757,NC1=N[C@@](C(F)F)([C@H]2C[C@H]2O1)c3cc(NC4(COC4)c5ccc(Cl)cn5)ccc3F,3.397940009
3l5d,CHEMBL3688758,C[C@]1(N=C(N)O[C@H]2C[C@@H]12)c3cc(NC(=O)c4ccc(Cl)cn4)cnc3F,5.86969185
3l5d,CHEMBL3688759,C[C@@]1(N=C(N)O[C@@H]2C[C@H]12)c3cc(NC(=O)c4ccc(Cl)cn4)cnc3F,7.025028006
3l5d,CHEMBL3688760,COc1cnc(cn1)C(=O)Nc2cnc(F)c(c2)[C@]3(C)N=C(N)O[C@H]4C[C@@H]34,6.361011841
3l5d,CHEMBL3688772,COc1cnc2c(Nc3ccc(F)c(c3)[C@]4(N=C(N)O[C@@H]5C[C@H]45)C(F)F)nccc2c1,6.341035157
3l5d,CHEMBL3688773,NC1=N[C@](C(F)F)([C@@H]2C[C@@H]2O1)c3cc(Nc4ncc(F)c5cc(cnc45)C#N)ccc3Cl,6.315983535
3l5d,CHEMBL3688774,NC1=N[C@@](C(F)F)([C@H]2C[C@H]2O1)c3cc(Nc4ncc(F)c5cc(cnc45)C#N)ccc3Cl,7.496209317
3l5d,CHEMBL3688775,NC1=N[C@@](C(F)F)([C@H]2C[C@H]2O1)c3cc(Nc4ncc(F)c5cc(cnc45)C#N)ccc3F,7.407823243
3l5d,CHEMBL3688776,NC1=N[C@@](C(F)F)([C@H]2C[C@H]2O1)c3cc(Nc4ncnc5cc(Cl)cnc45)ccc3F,7.194499142
3l5d,CHEMBL3688781,Cn1cc2ccnc(Nc3ccc(F)c(c3)[C@]4(N=C(N)O[C@@H]5C[C@H]45)C(F)F)c2n1,5.679853714
3l5d,CHEMBL3688784,NC1=N[C@@](C(F)F)([C@H]2C[C@H]2O1)c3cc(Nc4ncc(F)c5cc(Cl)cnc45)ccc3F,7.555955204
3l5d,CHEMBL3688785,NC1=N[C@@](C(F)F)([C@H]2C[C@H]2O1)c3cc(Nc4nccc5cc(Cl)cnc45)ccc3F,7.474955193
3l5d,CHEMBL3688787,COc1cnc2c(Nc3ccc(F)c(c3)[C@]4(N=C(N)O[C@@H]5C[C@H]45)C(F)F)ncnc2c1,6.649751982
3l5d,CHEMBL3688788,NC1=N[C@@](C(F)F)([C@H]2C[C@H]2O1)c3cc(Nc4nccc5nc(cnc45)C(F)(F)F)ccc3F,6.689306688
3l5d,CHEMBL3688789,NC1=N[C@@](C(F)F)([C@H]2C[C@H]2O1)c3cc(Nc4nccc5cc(cnc45)C#N)ccc3F,7.252976823
3l5d,CHEMBL3688790,COc1cnc2c(Nc3ccc(F)c(c3)[C@]4(N=C(N)O[C@@H]5C[C@H]45)C(F)F)nccc2n1,6.8569852
3l5d,CHEMBL3688791,COc1cnc2c(Nc3ccc(F)c(c3)[C@]4(N=C(N)O[C@@H]5C[C@H]45)C(F)F)ncc(F)c2c1,6.930516906
3l5d,CHEMBL3688792,NC1=N[C@@](C(F)F)([C@H]2C[C@H]2O1)c3cc(Nc4ncnc5cc(cnc45)C(F)(F)F)ccc3F,6.904830649
3l5d,CHEMBL3688793,NC1=N[C@](C(F)F)([C@@H]2C[C@@H]2O1)c3cc(Nc4ncc(F)c5cc(cnc45)C#N)cc(F)c3F,3.863279433
3l5d,CHEMBL3688794,NC1=N[C@@](C(F)F)([C@H]2C[C@H]2O1)c3cc(Nc4ncc(F)c5cc(cnc45)C#N)cc(F)c3F,7.288192771
3l5d,CHEMBL3688795,NC1=N[C@@](C(F)F)([C@H]2C[C@H]2O1)c3cc(NCC4CCC4)ccc3F,5.562249437
3l5d,CHEMBL3688796,NC1=N[C@@](C(F)F)([C@H]2C[C@H]2O1)c3cc(NCC#Cc4ccccc4)ccc3F,5.178159073
3l5d,CHEMBL3688797,NC1=N[C@@](C(F)F)([C@H]2C[C@H]2O1)c3cc(NCC4(CC4)c5ccc(Cl)cc5)ccc3F,4.864867349
3l5d,CHEMBL3688798,NC1=N[C@@](C(F)F)([C@H]2C[C@H]2O1)c3cc(NC[C@@H]4C[C@H]4c5ccccc5)ccc3F,4.952335805
3l5d,CHEMBL3688799,NC1=N[C@@](C(F)F)([C@H]2C[C@H]2O1)c3cc(NC[C@H]4C[C@H]4c5ccccc5)ccc3F,5.026179676
3l5d,CHEMBL3688801,NC1=N[C@@](C(F)F)([C@H]2C[C@H]2O1)c3cc(NCc4nn(cc4Cl)C(F)F)ccc3F,7.020451625
3l5d,CHEMBL3688802,NC1=N[C@@](C(F)F)([C@H]2C[C@H]2O1)c3cc(NCC4CC(=C)C4)ccc3F,5.222210813
3l5d,CHEMBL3688803,NC1=N[C@@](C(F)F)([C@H]2C[C@H]2O1)c3cc(NCC4(CC4)C(F)(F)F)ccc3F,5.677780705
3l5d,CHEMBL3688804,NC1=N[C@@](C(F)F)([C@H]2C[C@H]2O1)c3cc(NCc4ccc(Cl)cn4)ccc3F,5.545917729
3l5d,CHEMBL3688805,C[C@@H](Nc1ccc(F)c(c1)[C@]2(N=C(N)O[C@@H]3C[C@H]23)C(F)F)c4ccc(Cl)cn4,4.858550227
3l5d,CHEMBL3688806,NC1=N[C@@](C(F)F)([C@H]2C[C@H]2O1)c3cc(NCC4CC4)ccc3F,5.850780887
3l5d,CHEMBL3688807,NC1=N[C@@](C(F)F)([C@H]2C[C@H]2O1)c3cc(N[C@H]4CCc5cc(Br)cnc45)ccc3F,6.153737368
3l5d,CHEMBL3688808,NC1=N[C@@](C(F)F)([C@H]2C[C@H]2O1)c3cc(N[C@H]4CCCc5cc(Br)cnc45)ccc3F,5.512861625
3l5d,CHEMBL3688809,NC1=N[C@@](C(F)F)([C@H]2C[C@H]2O1)c3cc(N[C@H]4CCOc5cc(cnc45)C#N)ccc3F,6.014124643
3l5d,CHEMBL3688810,NC1=N[C@@](C(F)F)([C@H]2C[C@H]2O1)c3cc(N[C@@H]4CCc5cc(Br)ccc45)ccc3F,6.501689446
3l5d,CHEMBL3688811,NC1=N[C@@](C(F)F)([C@H]2C[C@H]2O1)c3cc(Nc4coc5cc(Cl)ccc45)ccc3F,6.596879479
3l5d,CHEMBL3688813,NC1=N[C@@](CF)([C@H]2C[C@H]2O1)c3cc(NC(=O)c4ncc(cc4CO)C#N)ccc3Cl,7.407823243
3l5d,CHEMBL3688814,CN(C)c1cc(cnc1C(=O)Nc2ccc(F)c(c2)[C@]3(N=C(N)O[C@@H]4C[C@H]34)C(F)F)C#N,7.038578906
3l5d,CHEMBL3688815,Cc1cc(NC(=O)c2ccc(cn2)C#N)cc(c1F)[C@]3(N=C(N)O[C@@H]4C[C@H]34)C(F)F,7.602059991
3l5d,CHEMBL3688816,COCc1cc(cnc1C(=O)Nc2ccc(F)c(c2)[C@]3(N=C(N)O[C@@H]4C[C@H]34)C(F)F)C#N,7.935542011
3l5d,CHEMBL3688818,CC(C)c1cc(cnc1C(=O)Nc2ccc(F)c(c2)[C@]3(N=C(N)O[C@@H]4C[C@H]34)C(F)F)C#N,6.872895202
3l5d,CHEMBL3688819,NC1=N[C@@](C(F)F)([C@H]2C[C@H]2O1)c3cc(NC(=O)c4ncc(cc4C(F)F)C#N)ccc3F,7.841637508
3l5d,CHEMBL3688820,NC1=N[C@@](C(F)F)([C@H]2C[C@H]2O1)c3cc(NC(=O)c4ncc(cc4CO)C#N)ccc3F,7.769551079
3l5d,CHEMBL3688821,COc1cc(cnc1C(=O)Nc2ccc(Cl)c(c2)[C@@]3(CF)N=C(N)O[C@@H]4C[C@H]34)C#N,7.091514981
3l5d,CHEMBL3688822,Cc1cc(NC(=O)c2ncc(cc2F)C#N)cc(c1F)[C@]3(N=C(N)O[C@@H]4C[C@H]34)C(F)F,7.474955193
3l5d,CHEMBL3688823,COc1cc(cnc1C(=O)Nc2cc(C)c(F)c(c2)[C@]3(N=C(N)O[C@@H]4C[C@H]34)C(F)F)C#N,7.151195299
3l5d,CHEMBL3688824,NC1=N[C@@](CF)([C@H]2C[C@H]2O1)c3cc(NC(=O)c4ncc(cc4F)C#N)ccc3Cl,7.298863934
3l5d,CHEMBL3688825,NC1=N[C@@](C(F)F)([C@H]2C[C@H]2O1)c3cc(N[C@@H]4CCc5cc(cnc45)[N+]#[C-])ccc3F,6.966174306
3l5d,CHEMBL3688826,NC1=N[C@@](C(F)F)([C@H]2C[C@H]2O1)c3cc(N[C@H]4CCc5cc(cnc45)C#N)ccc3F,6.010550182
3l5d,CHEMBL3688827,NC1=N[C@@](C(F)F)([C@H]2C[C@H]2O1)c3cc(N[C@@H]4CCCc5cc(cnc45)C#N)ccc3F,5.544393887
3l5d,CHEMBL3688828,NC1=N[C@@](C(F)F)([C@H]2C[C@H]2O1)c3cc(N[C@@H]4CCc5cc(cnc45)C#N)ccc3F,6.536107011
3l5d,CHEMBL3693222,NC1=N[C@@](C(F)F)([C@H]2C[C@H]2O1)c3cc(NC(=O)c4ccc(cn4)C#CC5CC5)ccc3F,7.625251654
3l5d,CHEMBL3693223,NC1=N[C@@](C(F)F)([C@H]2C[C@H]2O1)c3cc(Nc4nccc5cc(cnc45)C#CC6CC6)ccc3F,7.119758224
3l5d,CHEMBL3693224,NC1=N[C@@](C(F)F)([C@H]2C[C@H]2O1)c3cc(NC(=O)c4cnc(cn4)C#CC5CC5)ccc3F,7.528708289
3l5d,CHEMBL3693225,NC1=N[C@@](C(F)F)([C@H]2C[C@H]2O1)c3cc(Nc4ncc(F)c5cc(cnc45)C#CC6CC6)ccc3F,7.334419009
3l5d,CHEMBL3693226,CC1(COC1)C#Cc2ccc(nc2)C(=O)Nc3ccc(F)c(c3)[C@]4(N=C(N)O[C@@H]5C[C@H]45)C(F)F,6.485452247
3l5d,CHEMBL3693227,NC1=N[C@@](C(F)F)([C@H]2C[C@H]2O1)c3cc(NC(=O)c4cnc(OCC#CC5CC5)cn4)ccc3F,8.119186408
3l5d,CHEMBL3693228,NC1=N[C@@](C(F)F)([C@H]2C[C@H]2O1)c3cc(NC(=O)c4cnc(OCC5CCOCC5)cn4)ccc3F,6.891096872
3l5d,CHEMBL3693229,NC1=N[C@@](C(F)F)([C@H]2C[C@H]2O1)c3cc(NC(=O)c4cnc(OCC5CCOC5)cn4)ccc3F,6.838631998
3l5d,CHEMBL3693230,NC1=N[C@@](C(F)F)([C@H]2C[C@H]2O1)c3cc(NC(=O)c4cnc(OCC=C)cn4)ccc3F,7.318758763
3l5d,CHEMBL3693231,NC1=N[C@@](C(F)F)([C@H]2C[C@H]2O1)c3cc(NC(=O)c4cnc(OCC5CC5)cn4)ccc3F,7.366531544
3l5d,CHEMBL3693232,NC1=N[C@@](C(F)F)([C@H]2C[C@H]2O1)c3cc(NC(=O)c4cnc(OCC5CCCCC5)cn4)ccc3F,7.91721463
3l5d,CHEMBL3693233,CCOc1cnc(cn1)C(=O)Nc2ccc(F)c(c2)[C@]3(N=C(N)O[C@@H]4C[C@H]34)C(F)F,6.937794191
3l5d,CHEMBL3693234,NC1=N[C@@](C(F)F)([C@H]2C[C@H]2O1)c3cc(NC(=O)c4cnc(OCC5CCCC5)cn4)ccc3F,7.583359493
3l5d,CHEMBL3693235,NC1=N[C@@](C(F)F)([C@H]2C[C@H]2O1)c3cc(NC(=O)c4ncc(Cl)cc4CO)ccc3F,7.478861916
3l5d,CHEMBL3693236,NC1=N[C@@](CF)([C@H]2C[C@H]2O1)c3cc(NC(=O)c4ncc(Cl)cc4CO)ccc3Cl,7.288192771
3l5d,CHEMBL3693237,NC1=N[C@@](C(F)F)([C@H]2C[C@H]2O1)c3cc(NS(=O)(=O)c4ccc(Cl)cn4)ccc3F,4.84924356
3l5d,CHEMBL3693238,NC1=N[C@@](C(F)F)([C@H]2C[C@H]2O1)c3cc(N[C@H](c4ccc(Cl)cn4)C(F)(F)F)ccc3F,5.280254507
3l5d,CHEMBL3693239,NC1=NC(CF)(C2CC2O1)c3cccc(NC(=O)c4ccc(Cl)cn4)c3,6.401756808
3l5d,CHEMBL3693240,CS(=O)(=O)c1c(F)cc(NC(=O)c2ccc(Cl)cn2)cc1[C@@]3(CF)N=C(N)O[C@@H]4C[C@H]34,5.98505965
3l5d,CHEMBL3693241,NC1=N[C@](C(F)F)([C@@H]2C[C@@H]2O1)c3cc(ccc3F)c4oc5cc(Cl)ccc5n4,6.212327035
3l5d,CHEMBL3693242,NC1=N[C@@](C(F)F)([C@H]2C[C@H]2O1)c3cc(ccc3F)c4oc5cc(Cl)ccc5n4,5.907805879
3l5d,CHEMBL3693243,COC[C@H](C)NC(=O)c1ccc(F)c(c1)[C@@]2(N=C(N)O[C@H]3C[C@@H]23)C(F)F,3.397940009
3l5d,CHEMBL3693244,COC[C@H](C)NC(=O)c1ccc(F)c(c1)[C@]2(N=C(N)O[C@@H]3C[C@H]23)C(F)F,3.397940009
3l5d,CHEMBL3693245,CC#Cc1cncc(c1)c2ccc(F)c(c2)[C@]3(N=C(N)O[C@@H]4C[C@H]34)C(F)F,5.654568187
3l5d,CHEMBL3693246,CC#Cc1cncc(c1)c2ccc(F)c(c2)[C@@]3(N=C(N)O[C@H]4C[C@@H]34)C(F)F,3.397940009
3l5d,CHEMBL3693249,CC#Cc1cnn(c1)c2ccc(F)c(c2)[C@]3(N=C(N)O[C@@H]4C[C@H]34)C(F)F,5.91721463
3l5d,CHEMBL3693250,NC1=N[C@@](C(F)F)([C@H]2C[C@H]2O1)c3cc(ccc3F)n4cc(cn4)C#CC5CC5,5.064240896
3l5d,CHEMBL3693251,COC(=O)c1ccc(cc1)C(=O)Nc2cc(F)c(F)c(c2)[C@@]3(N=C(N)O[C@H]4C[C@@H]34)C(F)F,3.443697499
3l5d,CHEMBL3693252,NC1=N[C@@](C(F)F)([C@H]2C[C@H]2O1)c3cc(ccc3F)N4Cc5cc(Cl)cnc5C4=O,5.660548559
3l5d,CHEMBL3693253,COc1cnc(cn1)C(=O)Nc2cccc(c2)[C@]3(N=C(N)O[C@@H]4C[C@H]34)C(F)F,6.301029996
3l5d,CHEMBL3693254,CNc1cnc(nc1)C(=O)Nc2ccc(F)c(c2)[C@]3(N=C(N)O[C@@H]4C[C@H]34)C(F)F,6.325138859
3l5d,CHEMBL3693255,NC1=N[C@@](C(F)F)([C@H]2C[C@H]2O1)c3cc(NC(=O)c4c(F)cc(F)cc4F)ccc3F,5.268814292
3l5d,CHEMBL3693256,COc1cnc(cn1)C(=O)Nc2ccc(F)c(c2)[C@]3(C)N=C(N)O[C@@H]4C[C@H]34,5.301605664
3l5d,CHEMBL3693257,COc1cnc(cn1)C(=O)Nc2ccc(F)c(c2)[C@@]3(C)N=C(N)O[C@H]4C[C@@H]34,6.597566654
3l5d,CHEMBL3693258,COc1cnc(cn1)C(=O)Nc2ccc(F)c(c2)[C@@]3(C)N=C(N)O[C@@H]4C[C@H]34,7.247951552
3l5d,CHEMBL3693259,NC1=N[C@@](C(F)F)([C@H]2C[C@H]2O1)c3cc(ccc3F)c4nnc([nH]4)c5ccc(F)cc5,3.397940009
3l5d,CHEMBL3703232,CC1(C)Oc2ccc(NC(=O)c3ccc(Cl)cn3)cc2C4(COC(=N4)N)C15COC5,7.25153241
3l5d,CHEMBL3703237,NC1=NC2(CO1)c3cc(NC(=O)c4ccc(Cl)cn4)ccc3OCC25CC5,6.400665959
3l5d,CHEMBL3703253,CC1(C)Oc2ccc(cc2C3(COC(=N3)N)C14COC4)c5cncnc5,6.085581052
3l5d,CHEMBL3639496,CC1CCC(=CC1)c2ccc3OC(C)(C)C4(COC4)C5(COC(=N5)N)c3c2,5.440093375
3l5d,CHEMBL3650756,NC1=NC2(CO1)c3cc(ccc3OC4(CCC4)C25COC5)c6ccccc6F,5.444905551
3l5d,CHEMBL3650757,NC1=NC2(CO1)c3cc(ccc3OC4(CCC4)C25COC5)c6cccc(F)c6,5.63638802
3l5d,CHEMBL3650758,COc1cccc(c1)c2ccc3OC4(CCC4)C5(COC5)C6(COC(=N6)N)c3c2,6.15739076
3l5d,CHEMBL3650759,Cc1cccc(c1)c2ccc3OC4(CCC4)C5(COC5)C6(COC(=N6)N)c3c2,5.643974143
3l5d,CHEMBL3650760,NC1=NC2(CO1)c3cc(ccc3OC4(CCC4)C25COC5)c6cccc(c6)C#N,5.774690718
3l5d,CHEMBL3650761,CCOc1cc(cc(c1)C(F)(F)F)c2ccc3OC4(CCC4)C5(COC5)C6(COC(=N6)N)c3c2,5.655607726
3l5d,CHEMBL3650762,NC1=NC2(CO1)c3cc(ccc3OC4(CCC4)C25COC5)c6cc(F)ccc6F,5.728158393
3l5d,CHEMBL3650763,CCOc1cccc(c1)c2ccc3OC4(CCC4)C5(COC5)C6(COC(=N6)N)c3c2,5.694648631
3l5d,CHEMBL3650764,NC1=NC2(CO1)c3cc(ccc3OC4(CCC4)C25COC5)c6cccc(\C=C\C#N)c6,5.610833916
3l5d,CHEMBL3650765,CCOc1cc(F)cc(c1)c2ccc3OC4(CCC4)C5(COC5)C6(COC(=N6)N)c3c2,5.777283529
3l5d,CHEMBL3650766,NC1=NC2(CO1)c3cc(ccc3OC4(CCC4)C25COC5)c6ccc(F)c(c6)C#N,5.440093375
3l5d,CHEMBL3650767,NC1=NC2(CO1)c3cc(ccc3OC4(CCC4)C25COC5)C6=CCCCC6,5.485452247
3l5d,CHEMBL3650768,COc1ccc(F)c(c1)c2ccc3OC4(CCC4)C5(COC5)C6(COC(=N6)N)c3c2,6.197226275
3l5d,CHEMBL3650769,COc1cccc(c1F)c2ccc3OC4(CCC4)C5(COC5)C6(COC(=N6)N)c3c2,6.111820506
3l5d,CHEMBL3650770,NC1=NC2(CO1)c3cc(ccc3OC4(CCC4)C25COC5)c6cccc(F)c6F,5.777283529
3l5d,CHEMBL3650771,CC1(C)Oc2ccc(cc2C3(COC(=N3)N)C14COC4)c5cccc(Cl)c5,6.6330805
3l5d,CHEMBL3650772,CC1(C)Oc2ccc(cc2C3(COC(=N3)N)C14COC4)c5cccc(c5)C6CC6,6.410050399
3l5d,CHEMBL3650773,CC1(C)Oc2ccc(cc2C3(COC(=N3)N)C14COC4)c5cccc(c5)C(F)(F)F,6.04431225
3l5d,CHEMBL3650774,COc1cccc(c1)c2ccc3OC(C)(C)C4(COC4)C5(COC(=N5)N)c3c2,6.396855627
3l5d,CHEMBL3650775,CC1(C)Oc2ccc(cc2C3(COC(=N3)N)C14COC4)c5cccc(OCC(F)(F)F)c5,5.899629455
3l5d,CHEMBL3650776,CCOc1cccc(c1)c2ccc3OC(C)(C)C4(COC4)C5(COC(=N5)N)c3c2,6.056011125
3l5d,CHEMBL3650777,CCSc1cccc(c1)c2ccc3OC(C)(C)C4(COC4)C5(COC(=N5)N)c3c2,6.030118356
3l5d,CHEMBL3650778,CC1(C)Oc2ccc(cc2C3(COC(=N3)N)C14COC4)c5cc(F)cc(Cl)c5,6.685866856
3l5d,CHEMBL3650779,CC1(C)Oc2ccc(cc2C3(COC(=N3)N)C14COC4)c5cc(F)cc(F)c5,6.2069084
3l5d,CHEMBL3650780,Cc1cc(F)cc(c1)c2ccc3OC(C)(C)C4(COC4)C5(COC(=N5)N)c3c2,6.211831629
3l5d,CHEMBL3650783,Cc1cnc(Cl)c(c1)c2ccc3OC(C)(C)C4(COC4)C5(COC(=N5)N)c3c2,5.866461092
3l5d,CHEMBL3650784,CC1(C)Oc2ccc(cc2C3(COC(=N3)N)C14COC4)c5cc(Cl)cnc5Cl,6.162411562
3l5d,CHEMBL3650785,CC1(C)Oc2ccc(cc2C3(COC(=N3)N)C14COC4)c5cc(F)cnc5Cl,5.946921557
3l5d,CHEMBL3650788,CC1(C)Oc2ccc(cc2C3(COC(=N3)N)C14COC4)c5cccnc5Cl,5.583359493
3l5d,CHEMBL3650789,Cc1cc(cnc1F)c2ccc3OC(C)(C)C4(COC4)C5(COC(=N5)N)c3c2,5.552841969
3l5d,CHEMBL3650790,CC1(C)Oc2ccc(cc2C3(COC(=N3)N)C14COC4)c5cc(F)ncc5Cl,6.031517051
3l5d,CHEMBL3650791,CC1(C)Oc2ccc(cc2C3(COC(=N3)N)C14COC4)c5ccnc(Cl)c5Cl,5.673664139
3l5d,CHEMBL3650792,CC1(C)Oc2ccc(cc2C3(COC(=N3)N)C14COC4)c5cncc(c5)C#N,6.008330993
3l5d,CHEMBL3650793,COc1cc(c(F)cn1)c2ccc3OC(C)(C)C4(COC4)C5(COC(=N5)N)c3c2,5.850780887
3l5d,CHEMBL3650794,COc1cc(c(Cl)cn1)c2ccc3OC(C)(C)C4(COC4)C5(COC(=N5)N)c3c2,5.982966661
3l5d,CHEMBL3650797,CC1(C)Oc2ccc(cc2C3(COC(=N3)N)C14COC4)C5=CCCCCC5,6.119186408
3l5d,CHEMBL3650798,CCC\C=C\c1ccc2OC(C)(C)C3(COC3)C4(COC(=N4)N)c2c1,6.060980224
3l5d,CHEMBL3650800,CC1(C)Oc2ccc(cc2C3(COC(=N3)N)C14COC4)c5cc(O)cc(F)c5,5.850780887
3l5d,CHEMBL3650801,CC1(C)Oc2ccc(cc2C3(COC(=N3)N)C14COC4)c5cc(ccc5F)C#N,6
3l5d,CHEMBL3650802,CNC(=O)c1cc(F)cc(c1)c2ccc3OC(C)(C)C4(COC4)C5(COC(=N5)N)c3c2,5.649751982
3l5d,CHEMBL3650803,CCC1CCC(=CC1)c2ccc3OC(C)(C)C4(COC4)C5(COC(=N5)N)c3c2,5.649751982
3l5d,CHEMBL3650804,CC1(C)Oc2ccc(cc2C3(COC(=N3)N)C14COC4)c5cncc(Cl)c5,6.396855627
3l5d,CHEMBL3650805,CC1(C)Oc2ccc(cc2C3(COC(=N3)N)C14COC4)c5ccc6[nH]ccc6c5,5.474955193
3l5d,CHEMBL3650806,CC1(C)Oc2ccc(cc2C3(COC(=N3)N)C14COC4)c5cccc6cc[nH]c56,5.490797478
3l5d,CHEMBL3650809,CC1(C)Oc2ccc(cc2C3(COC(=N3)N)C14COC4)c5ccc6nonc6c5,5.93930216
3l5d,CHEMBL3650810,CC1(C)Oc2ccc(cc2C3(COC(=N3)N)C14COC4)c5cccc6cccnc56,5.48945499
3l5d,CHEMBL3650811,CC1(C)Oc2ccc(cc2C3(COC(=N3)N)C14COC4)c5cccc6cnccc56,5.692503962
3l5d,CHEMBL3650812,COC\C=C\c1ccc2OC(C)(C)C3(COC3)C4(COC(=N4)N)c2c1,5.586700236
3l5d,CHEMBL3650814,CC1(C)Oc2ccc(cc2C3(COC(=N3)N)C14COC4)c5cccc(OC(F)(F)F)c5,5.966576245
3l5d,CHEMBL3650815,CC1(C)Oc2ccc(cc2C3(COC(=N3)N)C14COC4)c5ccccc5OC(F)(F)F,5.549750892
3l5d,CHEMBL3650816,CC1(C)Oc2ccc(cc2C3(COC(=N3)N)C14COC4)c5c(F)ccc(F)c5F,5.688246139
3l5d,CHEMBL3650818,CC1(C)Oc2ccc(cc2C3(COC(=N3)N)C14COC4)c5ccc(OC(F)F)cc5,5.500312917
3l5d,CHEMBL3650821,CC1(C)Oc2ccc(NC(=O)c3ncc(Br)cn3)cc2C4(COC(=N4)N)C15COC5,6.990701756
3l5d,CHEMBL3650826,Cc1cc(Cl)cnc1C(=O)Nc2ccc3OC(C)(C)C4(COC4)C5(COC(=N5)N)c3c2,7.076506894
3l5d,CHEMBL3650828,CC1(C)Oc2ccc(NC(=O)c3ccc(cn3)C#N)cc2C4(COC(=N4)N)C15COC5,7.035392748
3l5d,CHEMBL3650831,NC1=NC2(CO1)c3cc(ccc3OC(Cc4ccccc4)C25COC5)c6cncnc6,6.928520989
3l5d,CHEMBL3650833,NC1=NC2(CO1)c3cc(ccc3OC(CC4CC4)C25COC5)c6cncnc6,6.374205221
3l5d,CHEMBL3650835,NC1=NC2(c3cc(ccc3OCC24CC4)c5cncnc5)C(F)(F)CO1,5.308918508
3l5d,CHEMBL3650836,NC1=NC2(CO1)c3cc(ccc3OCC24CC(F)(F)C4)c5cncnc5,5.110138279
3l5d,CHEMBL3650837,NC1=NC2(CO1)c3cc(ccc3OC4(CCC4)C25COC5)c6cccnc6,5.698970004
3l5d,CHEMBL3650840,NC1=NC2(CO1)c3cc(ccc3OC4(CCC4)C25COC5)c6cccnc6C(F)(F)F,4.754487332
3l5d,CHEMBL3650843,NC1=NC2(COC1)c3cc(ccc3OCC24CC4)c5cncnc5,5.91721463
3l5d,CHEMBL3650846,CC1(C)Oc2ccc(NC(=O)c3ccc(Br)cn3)cc2[C@@]4(COC(=N4)N)C15COC5,7.672008429
3l5d,CHEMBL3650847,COc1cnc(cn1)C(=O)Nc2ccc3OC(C)(C)C4(COC4)[C@]5(COC(=N5)N)c3c2,7.241940636
3l5d,CHEMBL3650849,CC1(C)Oc2ccc(NC(=O)c3ccc(F)cn3)cc2[C@@]4(COC(=N4)N)C15CC5,6.94934991
3l5d,CHEMBL3650850,COc1cnc(cn1)C(=O)Nc2ccc3OC(C)(C)C4(CC4)[C@]5(COC(=N5)N)c3c2,7.108587462
3l5d,CHEMBL3650851,CC1(C)Oc2ccc(NC(=O)c3cnc(cn3)C(F)F)cc2[C@@]4(COC(=N4)N)C15CC5,7.158621595
3l5d,CHEMBL3650852,COc1cnc(cn1)C(=O)Nc2ccc3OC(C)(C)C4(COC4)C5(COC(=N5)N)c3c2,7.03594552
3l5d,CHEMBL3703207,NC1=NC2(CO1)c3cc(Br)ccc3OC4(CCC4)C25COC5,4.4710833
3l5d,CHEMBL3703209,NC1=NC2(CO1)c3cc(ccc3OC4(CCC4)C25COC5)c6cncnc6,5.806875402
3l5d,CHEMBL3703210,CC1(C)Oc2ccc(Br)cc2C3(COC(=N3)N)C14COC4,4.931814138
3l5d,CHEMBL3703215,NC1=NC2(CO1)c3cc(Br)ccc3OC4(CCCC4)C25COC5,5.142064735
3l5d,CHEMBL3703224,COCC#Cc1cncc(c1)c2ccc3OCC4(COC4)C5(COC(=N5)N)c3c2,5.63638802
3l5d,CHEMBL3703228,NC1=NC2(CO1)c3cc(ccc3OCC24COC4)c5cncc(c5)C#C,6.284832642
3l5d,CHEMBL3703233,CC1(C)Oc2ccc(NC(=O)c3ccc(F)cn3)cc2C4(COC(=N4)N)C15COC5,6.872146709
3l5d,CHEMBL3703235,CC1(C)Oc2ccc(NC(=O)c3ncc(Cl)cc3F)cc2C4(COC(=N4)N)C15COC5,7.149594078
3l5d,CHEMBL3703241,NC1=NC2(CO1)c3cc(ccc3OCC24COC4)c5cncnc5,5.537602002
3l5d,CHEMBL3703246,CC1(C)Oc2ccc(Br)cc2C3(CSC(=N3)N)C14COC4,4.793174124
3l5d,CHEMBL3703250,CC(C)Cc1ccc2OC3(CCC3)C4(COC4)C5(COC(=N5)N)c2c1,5.048662481
3l5d,CHEMBL3703251,CCC(CC)Cc1ccc2OC3(CCC3)C4(COC4)C5(COC(=N5)N)c2c1,5.632644079
